"Code","Week","TotNCases","TotNDeaths","State"
"AK","16",47,0,"Alaska"
"AK","04",0,0,"Alaska"
"AK","32",446,6,"Alaska"
"AK","29",403,6,"Alaska"
"AK","15",87,2,"Alaska"
"AK","26",126,1,"Alaska"
"AK","27",254,1,"Alaska"
"AK","30",651,5,"Alaska"
"AK","31",742,4,"Alaska"
"AK","06",0,0,"Alaska"
"AK","07",0,0,"Alaska"
"AK","28",337,3,"Alaska"
"AK","05",0,0,"Alaska"
"AK","21",12,0,"Alaska"
"AK","22",53,2,"Alaska"
"AK","23",86,2,"Alaska"
"AK","20",19,1,"Alaska"
"AK","25",96,1,"Alaska"
"AK","37",501,3,"Alaska"
"AK","38",584,3,"Alaska"
"AK","39",689,6,"Alaska"
"AK","17",22,0,"Alaska"
"AK","18",27,1,"Alaska"
"AK","19",11,0,"Alaska"
"AK","08",0,0,"Alaska"
"AK","09",0,0,"Alaska"
"AK","10",0,0,"Alaska"
"AK","11",1,0,"Alaska"
"AK","12",24,1,"Alaska"
"AK","24",116,0,"Alaska"
"AK","36",522,4,"Alaska"
"AK","14",75,2,"Alaska"
"AK","48",4464,31,"Alaska"
"AK","49",4833,26,"Alaska"
"AK","41",1263,8,"Alaska"
"AK","42",1310,9,"Alaska"
"AK","50",4057,27,"Alaska"
"AK","40",901,6,"Alaska"
"AK","45",3131,17,"Alaska"
"AK","13",85,4,"Alaska"
"AK","33",545,5,"Alaska"
"AK","34",495,3,"Alaska"
"AK","51",2641,11,"Alaska"
"AK","52",1863,5,"Alaska"
"AK","46",3969,25,"Alaska"
"AK","47",3987,15,"Alaska"
"AK","44",2715,16,"Alaska"
"AK","53",1069,8,"Alaska"
"AK","43",2018,9,"Alaska"
"AK","35",494,2,"Alaska"
"AL","15",1356,76,"Alabama"
"AL","14",1390,52,"Alabama"
"AL","12",889,2,"Alabama"
"AL","16",1337,88,"Alabama"
"AL","11",321,1,"Alabama"
"AL","35",8612,186,"Alabama"
"AL","13",1226,28,"Alabama"
"AL","09",34,1,"Alabama"
"AL","10",69,0,"Alabama"
"AL","23",3802,110,"Alabama"
"AL","24",4581,100,"Alabama"
"AL","25",5747,111,"Alabama"
"AL","26",7476,116,"Alabama"
"AL","17",1591,89,"Alabama"
"AL","18",1849,99,"Alabama"
"AL","49",24454,281,"Alabama"
"AL","50",26767,373,"Alabama"
"AL","51",29311,426,"Alabama"
"AL","52",25446,474,"Alabama"
"AL","53",22943,286,"Alabama"
"AL","21",3077,104,"Alabama"
"AL","22",3332,114,"Alabama"
"AL","40",5899,126,"Alabama"
"AL","41",7188,144,"Alabama"
"AL","42",7667,135,"Alabama"
"AL","48",17325,223,"Alabama"
"AL","43",8549,122,"Alabama"
"AL","27",9437,153,"Alabama"
"AL","28",14482,149,"Alabama"
"AL","08",8,0,"Alabama"
"AL","05",5,0,"Alabama"
"AL","06",2,0,"Alabama"
"AL","34",7008,223,"Alabama"
"AL","39",5686,108,"Alabama"
"AL","36",7387,179,"Alabama"
"AL","37",6340,171,"Alabama"
"AL","38",5814,132,"Alabama"
"AL","45",10796,158,"Alabama"
"AL","29",13615,226,"Alabama"
"AL","30",12077,268,"Alabama"
"AL","44",9300,138,"Alabama"
"AL","07",5,0,"Alabama"
"AL","20",2623,102,"Alabama"
"AL","46",15076,184,"Alabama"
"AL","19",1920,110,"Alabama"
"AL","31",11006,293,"Alabama"
"AL","32",9518,292,"Alabama"
"AL","33",7589,247,"Alabama"
"AL","47",16325,183,"Alabama"
"AL","04",7,0,"Alabama"
"AR","50",14778,285,"Arkansas"
"AR","51",15948,292,"Arkansas"
"AR","46",11174,98,"Arkansas"
"AR","47",12133,174,"Arkansas"
"AR","49",14677,190,"Arkansas"
"AR","45",8809,127,"Arkansas"
"AR","09",0,0,"Arkansas"
"AR","52",13227,245,"Arkansas"
"AR","48",11074,113,"Arkansas"
"AR","25",3060,46,"Arkansas"
"AR","21",1163,18,"Arkansas"
"AR","22",1331,17,"Arkansas"
"AR","53",10261,194,"Arkansas"
"AR","24",3075,25,"Arkansas"
"AR","36",5076,110,"Arkansas"
"AR","26",4257,39,"Arkansas"
"AR","23",2173,21,"Arkansas"
"AR","11",16,0,"Arkansas"
"AR","12",148,0,"Arkansas"
"AR","13",279,6,"Arkansas"
"AR","10",0,0,"Arkansas"
"AR","42",6233,136,"Arkansas"
"AR","43",7049,108,"Arkansas"
"AR","44",6942,146,"Arkansas"
"AR","04",0,0,"Arkansas"
"AR","05",0,0,"Arkansas"
"AR","06",0,0,"Arkansas"
"AR","07",0,0,"Arkansas"
"AR","08",0,0,"Arkansas"
"AR","37",4287,82,"Arkansas"
"AR","27",3996,23,"Arkansas"
"AR","28",4553,34,"Arkansas"
"AR","29",4861,36,"Arkansas"
"AR","41",5820,143,"Arkansas"
"AR","14",410,10,"Arkansas"
"AR","15",454,13,"Arkansas"
"AR","20",775,7,"Arkansas"
"AR","19",553,15,"Arkansas"
"AR","18",490,27,"Arkansas"
"AR","34",3909,88,"Arkansas"
"AR","35",4282,97,"Arkansas"
"AR","40",5771,117,"Arkansas"
"AR","30",5395,44,"Arkansas"
"AR","38",5504,205,"Arkansas"
"AR","39",5519,127,"Arkansas"
"AR","33",3282,55,"Arkansas"
"AR","16",474,11,"Arkansas"
"AR","31",5187,63,"Arkansas"
"AR","32",5573,80,"Arkansas"
"AR","17",1160,9,"Arkansas"
"AZ","45",11812,183,"Arizona"
"AZ","29",21164,524,"Arizona"
"AZ","42",5581,68,"Arizona"
"AZ","44",9344,107,"Arizona"
"AZ","11",8,0,"Arizona"
"AZ","46",16193,138,"Arizona"
"AZ","30",18397,544,"Arizona"
"AZ","31",16460,460,"Arizona"
"AZ","32",8463,385,"Arizona"
"AZ","33",6621,356,"Arizona"
"AZ","20",2818,144,"Arizona"
"AZ","21",2402,120,"Arizona"
"AZ","22",3597,106,"Arizona"
"AZ","06",0,0,"Arizona"
"AZ","07",0,0,"Arizona"
"AZ","43",7021,47,"Arizona"
"AZ","26",21525,249,"Arizona"
"AZ","27",24188,221,"Arizona"
"AZ","28",24385,428,"Arizona"
"AZ","12",139,2,"Arizona"
"AZ","47",24250,162,"Arizona"
"AZ","48",26351,170,"Arizona"
"AZ","49",38302,316,"Arizona"
"AZ","50",44187,407,"Arizona"
"AZ","34",4573,265,"Arizona"
"AZ","35",3565,259,"Arizona"
"AZ","23",6953,138,"Arizona"
"AZ","24",8807,142,"Arizona"
"AZ","25",16706,153,"Arizona"
"AZ","39",3329,147,"Arizona"
"AZ","09",0,0,"Arizona"
"AZ","10",4,0,"Arizona"
"AZ","16",1390,69,"Arizona"
"AZ","13",767,15,"Arizona"
"AZ","14",1350,47,"Arizona"
"AZ","15",1270,51,"Arizona"
"AZ","04",1,0,"Arizona"
"AZ","51",45176,614,"Arizona"
"AZ","52",40761,456,"Arizona"
"AZ","53",25882,437,"Arizona"
"AZ","17",1597,91,"Arizona"
"AZ","41",4828,53,"Arizona"
"AZ","08",0,0,"Arizona"
"AZ","38",5410,154,"Arizona"
"AZ","37",2753,101,"Arizona"
"AZ","36",4112,191,"Arizona"
"AZ","18",2114,87,"Arizona"
"AZ","19",2479,174,"Arizona"
"AZ","05",0,0,"Arizona"
"AZ","40",3524,83,"Arizona"
"CA","21",15890,537,"California"
"CA","33",37565,912,"California"
"CA","32",43579,1018,"California"
"CA","25",39962,480,"California"
"CA","22",19493,500,"California"
"CA","23",22106,501,"California"
"CA","24",25744,478,"California"
"CA","19",14273,575,"California"
"CA","20",15224,538,"California"
"CA","08",105,1,"California"
"CA","14",8772,272,"California"
"CA","34",31632,859,"California"
"CA","35",29151,745,"California"
"CA","36",25529,669,"California"
"CA","31",50586,1044,"California"
"CA","27",62807,640,"California"
"CA","15",9352,378,"California"
"CA","16",9930,532,"California"
"CA","09",222,0,"California"
"CA","18",13354,529,"California"
"CA","06",83,1,"California"
"CA","07",51,0,"California"
"CA","42",25514,313,"California"
"CA","26",57198,533,"California"
"CA","10",662,3,"California"
"CA","11",2521,5,"California"
"CA","12",5245,28,"California"
"CA","17",11426,548,"California"
"CA","38",23254,498,"California"
"CA","39",23600,463,"California"
"CA","04",2,0,"California"
"CA","45",53107,342,"California"
"CA","30",60560,962,"California"
"CA","53",185776,2383,"California"
"CA","41",24525,387,"California"
"CA","50",258926,1826,"California"
"CA","37",21395,558,"California"
"CA","43",29088,306,"California"
"CA","44",32822,318,"California"
"CA","48",117098,770,"California"
"CA","05",1,0,"California"
"CA","13",6280,117,"California"
"CA","49",206496,1200,"California"
"CA","28",70990,718,"California"
"CA","40",23552,401,"California"
"CA","29",70516,886,"California"
"CA","46",70918,422,"California"
"CA","47",109034,620,"California"
"CA","51",295249,2594,"California"
"CA","52",244916,3564,"California"
"CO","50",27902,602,"Colorado"
"CO","49",34881,353,"Colorado"
"CO","18",3549,163,"Colorado"
"CO","16",2458,131,"Colorado"
"CO","17",3659,258,"Colorado"
"CO","52",14841,242,"Colorado"
"CO","53",8183,204,"Colorado"
"CO","07",0,0,"Colorado"
"CO","51",19544,410,"Colorado"
"CO","15",2553,150,"Colorado"
"CO","47",37451,260,"Colorado"
"CO","48",32657,197,"Colorado"
"CO","32",2935,14,"Colorado"
"CO","08",0,0,"Colorado"
"CO","09",0,0,"Colorado"
"CO","10",10,0,"Colorado"
"CO","11",93,1,"Colorado"
"CO","22",2205,115,"Colorado"
"CO","23",1600,82,"Colorado"
"CO","24",1161,72,"Colorado"
"CO","25",1513,48,"Colorado"
"CO","26",1758,29,"Colorado"
"CO","14",2679,93,"Colorado"
"CO","46",34476,152,"Colorado"
"CO","04",0,0,"Colorado"
"CO","05",0,0,"Colorado"
"CO","06",0,0,"Colorado"
"CO","19",2835,129,"Colorado"
"CO","20",2391,244,"Colorado"
"CO","21",2158,115,"Colorado"
"CO","36",2097,28,"Colorado"
"CO","37",2248,16,"Colorado"
"CO","42",7458,63,"Colorado"
"CO","43",10165,47,"Colorado"
"CO","44",15535,62,"Colorado"
"CO","28",2799,24,"Colorado"
"CO","27",1958,25,"Colorado"
"CO","29",3282,27,"Colorado"
"CO","30",4318,42,"Colorado"
"CO","31",3619,50,"Colorado"
"CO","33",2331,38,"Colorado"
"CO","34",2106,22,"Colorado"
"CO","35",2096,26,"Colorado"
"CO","12",493,5,"Colorado"
"CO","45",23546,109,"Colorado"
"CO","40",4250,26,"Colorado"
"CO","41",5697,46,"Colorado"
"CO","38",3614,26,"Colorado"
"CO","39",4416,27,"Colorado"
"CO","13",1678,41,"Colorado"
"CT","15",6360,365,"Connecticut"
"CT","45",6918,58,"Connecticut"
"CT","46",10520,63,"Connecticut"
"CT","41",1741,17,"Connecticut"
"CT","42",2792,12,"Connecticut"
"CT","16",5927,573,"Connecticut"
"CT","17",7307,797,"Connecticut"
"CT","04",0,0,"Connecticut"
"CT","05",0,0,"Connecticut"
"CT","43",3222,35,"Connecticut"
"CT","44",5155,39,"Connecticut"
"CT","25",667,59,"Connecticut"
"CT","14",3682,155,"Connecticut"
"CT","11",25,0,"Connecticut"
"CT","51",16021,218,"Connecticut"
"CT","52",9961,210,"Connecticut"
"CT","53",12965,204,"Connecticut"
"CT","18",4043,571,"Connecticut"
"CT","19",4242,472,"Connecticut"
"CT","20",3865,441,"Connecticut"
"CT","21",3049,285,"Connecticut"
"CT","22",1733,251,"Connecticut"
"CT","47",12824,91,"Connecticut"
"CT","24",1120,130,"Connecticut"
"CT","35",976,5,"Connecticut"
"CT","13",1666,26,"Connecticut"
"CT","37",961,12,"Connecticut"
"CT","38",1201,12,"Connecticut"
"CT","39",1060,9,"Connecticut"
"CT","40",1710,12,"Connecticut"
"CT","29",606,48,"Connecticut"
"CT","30",883,17,"Connecticut"
"CT","31",1034,19,"Connecticut"
"CT","32",510,9,"Connecticut"
"CT","33",577,12,"Connecticut"
"CT","23",1767,127,"Connecticut"
"CT","34",622,7,"Connecticut"
"CT","48",11112,133,"Connecticut"
"CT","36",870,3,"Connecticut"
"CT","12",301,8,"Connecticut"
"CT","10",1,0,"Connecticut"
"CT","27",414,19,"Connecticut"
"CT","28",570,13,"Connecticut"
"CT","07",0,0,"Connecticut"
"CT","26",548,56,"Connecticut"
"CT","06",0,0,"Connecticut"
"CT","50",19046,217,"Connecticut"
"CT","49",15134,185,"Connecticut"
"CT","09",0,0,"Connecticut"
"CT","08",0,0,"Connecticut"
"DE","21",821,29,"Delaware"
"DE","23",398,29,"Delaware"
"DE","20",1138,72,"Delaware"
"DE","25",393,12,"Delaware"
"DE","44",1140,25,"Delaware"
"DE","24",392,25,"Delaware"
"DE","37",705,8,"Delaware"
"DE","22",640,43,"Delaware"
"DE","39",750,7,"Delaware"
"DE","36",705,5,"Delaware"
"DE","41",945,9,"Delaware"
"DE","38",705,10,"Delaware"
"DE","43",967,19,"Delaware"
"DE","40",966,11,"Delaware"
"DE","45",1578,8,"Delaware"
"DE","42",919,12,"Delaware"
"DE","47",3027,12,"Delaware"
"DE","13",242,6,"Delaware"
"DE","18",1329,52,"Delaware"
"DE","19",1522,48,"Delaware"
"DE","48",3470,24,"Delaware"
"DE","49",5097,21,"Delaware"
"DE","50",5862,23,"Delaware"
"DE","51",4823,46,"Delaware"
"DE","52",4579,35,"Delaware"
"DE","53",2650,33,"Delaware"
"DE","26",674,72,"Delaware"
"DE","14",478,8,"Delaware"
"DE","15",934,21,"Delaware"
"DE","16",1122,37,"Delaware"
"DE","35",658,0,"Delaware"
"DE","33",520,2,"Delaware"
"DE","32",480,6,"Delaware"
"DE","31",693,6,"Delaware"
"DE","04",0,0,"Delaware"
"DE","05",0,0,"Delaware"
"DE","06",0,0,"Delaware"
"DE","07",0,0,"Delaware"
"DE","08",0,0,"Delaware"
"DE","10",1,0,"Delaware"
"DE","12",57,0,"Delaware"
"DE","27",856,5,"Delaware"
"DE","46",2290,18,"Delaware"
"DE","17",1459,53,"Delaware"
"DE","34",481,11,"Delaware"
"DE","30",770,56,"Delaware"
"DE","11",8,0,"Delaware"
"DE","28",900,5,"Delaware"
"DE","09",0,0,"Delaware"
"DE","29",703,6,"Delaware"
"FL","11",109,4,"Florida"
"FL","12",906,18,"Florida"
"FL","13",3734,101,"Florida"
"FL","14",7247,228,"Florida"
"FL","15",7204,286,"Florida"
"FL","16",6144,323,"Florida"
"FL","31",58328,1549,"Florida"
"FL","29",76876,1295,"Florida"
"FL","21",5253,256,"Florida"
"FL","22",5126,243,"Florida"
"FL","23",7753,232,"Florida"
"FL","24",12051,214,"Florida"
"FL","25",22469,246,"Florida"
"FL","26",46228,361,"Florida"
"FL","27",58610,501,"Florida"
"FL","28",74815,907,"Florida"
"FL","17",5560,323,"Florida"
"FL","30",71169,1518,"Florida"
"FL","06",0,0,"Florida"
"FL","07",0,0,"Florida"
"FL","32",44341,1463,"Florida"
"FL","33",38763,1228,"Florida"
"FL","10",13,2,"Florida"
"FL","48",52605,590,"Florida"
"FL","49",64958,644,"Florida"
"FL","50",67240,676,"Florida"
"FL","51",76685,776,"Florida"
"FL","52",65651,845,"Florida"
"FL","53",62715,618,"Florida"
"FL","04",0,0,"Florida"
"FL","05",0,0,"Florida"
"FL","40",16664,355,"Florida"
"FL","41",17805,384,"Florida"
"FL","08",0,0,"Florida"
"FL","09",0,0,"Florida"
"FL","44",29444,326,"Florida"
"FL","45",34914,346,"Florida"
"FL","46",40922,446,"Florida"
"FL","47",53541,458,"Florida"
"FL","34",26405,1086,"Florida"
"FL","35",20115,868,"Florida"
"FL","36",24611,730,"Florida"
"FL","37",17573,562,"Florida"
"FL","38",19060,481,"Florida"
"FL","18",4680,316,"Florida"
"FL","19",3963,298,"Florida"
"FL","42",20327,367,"Florida"
"FL","43",24849,323,"Florida"
"FL","20",5247,285,"Florida"
"FL","39",15753,468,"Florida"
"GA","06",0,0,"Georgia"
"GA","08",0,0,"Georgia"
"GA","09",2,0,"Georgia"
"GA","10",15,0,"Georgia"
"GA","12",665,24,"Georgia"
"GA","13",1979,59,"Georgia"
"GA","14",3814,135,"Georgia"
"GA","11",174,1,"Georgia"
"GA","16",5370,244,"Georgia"
"GA","17",4921,221,"Georgia"
"GA","18",4347,266,"Georgia"
"GA","19",4705,226,"Georgia"
"GA","07",0,0,"Georgia"
"GA","44",14221,172,"Georgia"
"GA","45",14828,213,"Georgia"
"GA","34",18570,430,"Georgia"
"GA","35",16950,472,"Georgia"
"GA","36",15838,433,"Georgia"
"GA","37",12747,407,"Georgia"
"GA","38",13631,158,"Georgia"
"GA","15",5554,228,"Georgia"
"GA","52",44381,306,"Georgia"
"GA","53",34153,245,"Georgia"
"GA","28",21836,141,"Georgia"
"GA","29",27310,172,"Georgia"
"GA","05",0,0,"Georgia"
"GA","31",26428,342,"Georgia"
"GA","20",3909,202,"Georgia"
"GA","46",19733,297,"Georgia"
"GA","47",24143,241,"Georgia"
"GA","48",20384,244,"Georgia"
"GA","49",31889,364,"Georgia"
"GA","50",41433,270,"Georgia"
"GA","51",45080,307,"Georgia"
"GA","39",10222,344,"Georgia"
"GA","27",18296,82,"Georgia"
"GA","41",11285,254,"Georgia"
"GA","42",11188,222,"Georgia"
"GA","30",26162,325,"Georgia"
"GA","04",0,0,"Georgia"
"GA","32",24323,359,"Georgia"
"GA","33",21578,503,"Georgia"
"GA","21",5635,221,"Georgia"
"GA","22",4522,225,"Georgia"
"GA","23",5038,128,"Georgia"
"GA","24",6219,271,"Georgia"
"GA","25",7804,192,"Georgia"
"GA","26",12923,135,"Georgia"
"GA","40",9815,216,"Georgia"
"GA","43",12432,171,"Georgia"
"HI","38",682,21,"Hawaii"
"HI","39",744,11,"Hawaii"
"HI","40",652,25,"Hawaii"
"HI","37",821,14,"Hawaii"
"HI","28",205,0,"Hawaii"
"HI","13",151,0,"Hawaii"
"HI","14",176,4,"Hawaii"
"HI","15",101,5,"Hawaii"
"HI","16",69,1,"Hawaii"
"HI","17",21,4,"Hawaii"
"HI","47",660,10,"Hawaii"
"HI","35",1699,16,"Hawaii"
"HI","36",1477,22,"Hawaii"
"HI","07",0,0,"Hawaii"
"HI","08",0,0,"Hawaii"
"HI","09",0,0,"Hawaii"
"HI","27",129,1,"Hawaii"
"HI","11",8,0,"Hawaii"
"HI","29",151,5,"Hawaii"
"HI","30",315,2,"Hawaii"
"HI","31",741,0,"Hawaii"
"HI","32",1184,5,"Hawaii"
"HI","33",1580,9,"Hawaii"
"HI","34",1556,7,"Hawaii"
"HI","05",0,0,"Hawaii"
"HI","06",0,0,"Hawaii"
"HI","20",7,0,"Hawaii"
"HI","21",7,0,"Hawaii"
"HI","22",8,0,"Hawaii"
"HI","10",2,0,"Hawaii"
"HI","26",81,1,"Hawaii"
"HI","12",69,0,"Hawaii"
"HI","53",395,3,"Hawaii"
"HI","42",554,18,"Hawaii"
"HI","43",629,24,"Hawaii"
"HI","44",457,7,"Hawaii"
"HI","45",759,2,"Hawaii"
"HI","18",14,3,"Hawaii"
"HI","19",11,0,"Hawaii"
"HI","50",672,12,"Hawaii"
"HI","25",78,0,"Hawaii"
"HI","48",588,11,"Hawaii"
"HI","49",639,18,"Hawaii"
"HI","04",0,0,"Hawaii"
"HI","23",19,0,"Hawaii"
"HI","41",616,13,"Hawaii"
"HI","46",545,1,"Hawaii"
"HI","51",955,8,"Hawaii"
"HI","52",738,3,"Hawaii"
"HI","24",61,0,"Hawaii"
"IA","23",2036,70,"Iowa"
"IA","24",2338,48,"Iowa"
"IA","05",0,0,"Iowa"
"IA","06",0,0,"Iowa"
"IA","07",0,0,"Iowa"
"IA","26",2532,20,"Iowa"
"IA","22",2302,80,"Iowa"
"IA","35",7933,77,"Iowa"
"IA","04",0,0,"Iowa"
"IA","16",1315,34,"Iowa"
"IA","17",2573,43,"Iowa"
"IA","18",3694,66,"Iowa"
"IA","25",2031,33,"Iowa"
"IA","20",2692,86,"Iowa"
"IA","21",2599,103,"Iowa"
"IA","34",3842,61,"Iowa"
"IA","19",2790,81,"Iowa"
"IA","11",19,0,"Iowa"
"IA","12",68,0,"Iowa"
"IA","27",2864,16,"Iowa"
"IA","10",3,0,"Iowa"
"IA","15",719,19,"Iowa"
"IA","42",7437,68,"Iowa"
"IA","43",8722,106,"Iowa"
"IA","44",14517,83,"Iowa"
"IA","45",22441,125,"Iowa"
"IA","46",32354,143,"Iowa"
"IA","08",0,0,"Iowa"
"IA","09",0,0,"Iowa"
"IA","47",25358,207,"Iowa"
"IA","48",17449,184,"Iowa"
"IA","36",5802,52,"Iowa"
"IA","37",4496,53,"Iowa"
"IA","38",5542,47,"Iowa"
"IA","14",532,18,"Iowa"
"IA","40",6227,68,"Iowa"
"IA","28",3818,29,"Iowa"
"IA","29",3552,43,"Iowa"
"IA","30",3476,34,"Iowa"
"IA","31",3293,49,"Iowa"
"IA","32",3297,54,"Iowa"
"IA","33",3644,45,"Iowa"
"IA","51",10890,376,"Iowa"
"IA","39",6309,50,"Iowa"
"IA","49",16359,307,"Iowa"
"IA","50",12037,530,"Iowa"
"IA","53",5687,146,"Iowa"
"IA","41",7101,77,"Iowa"
"IA","13",246,4,"Iowa"
"IA","52",7733,156,"Iowa"
"ID","13",263,6,"Idaho"
"ID","14",791,4,"Idaho"
"ID","51",8781,105,"Idaho"
"ID","52",6255,74,"Idaho"
"ID","10",0,0,"Idaho"
"ID","11",5,0,"Idaho"
"ID","53",4862,82,"Idaho"
"ID","09",0,0,"Idaho"
"ID","16",214,18,"Idaho"
"ID","17",225,11,"Idaho"
"ID","12",42,0,"Idaho"
"ID","15",357,17,"Idaho"
"ID","50",10669,140,"Idaho"
"ID","34",2193,38,"Idaho"
"ID","35",2014,52,"Idaho"
"ID","36",1800,26,"Idaho"
"ID","37",1612,30,"Idaho"
"ID","38",2212,28,"Idaho"
"ID","26",1313,2,"Idaho"
"ID","27",2414,2,"Idaho"
"ID","40",3463,22,"Idaho"
"ID","28",3169,9,"Idaho"
"ID","29",3971,17,"Idaho"
"ID","30",3304,27,"Idaho"
"ID","49",10026,115,"Idaho"
"ID","47",9408,91,"Idaho"
"ID","05",0,0,"Idaho"
"ID","06",0,0,"Idaho"
"ID","07",0,0,"Idaho"
"ID","08",0,0,"Idaho"
"ID","23",300,1,"Idaho"
"ID","24",260,4,"Idaho"
"ID","25",607,2,"Idaho"
"ID","18",164,8,"Idaho"
"ID","41",4102,25,"Idaho"
"ID","42",5026,21,"Idaho"
"ID","43",6252,45,"Idaho"
"ID","21",207,6,"Idaho"
"ID","32",3327,40,"Idaho"
"ID","19",169,3,"Idaho"
"ID","20",189,6,"Idaho"
"ID","39",3010,17,"Idaho"
"ID","22",213,3,"Idaho"
"ID","48",8831,70,"Idaho"
"ID","33",2989,32,"Idaho"
"ID","04",0,0,"Idaho"
"ID","31",3167,51,"Idaho"
"ID","44",5744,57,"Idaho"
"ID","46",9284,73,"Idaho"
"ID","45",7873,56,"Idaho"
"IL","04",1,0,"Illinois"
"IL","09",1,0,"Illinois"
"IL","05",1,0,"Illinois"
"IL","08",0,0,"Illinois"
"IL","07",0,0,"Illinois"
"IL","26",5014,238,"Illinois"
"IL","10",4,0,"Illinois"
"IL","11",86,0,"Illinois"
"IL","25",4358,362,"Illinois"
"IL","18",17546,685,"Illinois"
"IL","27",5597,141,"Illinois"
"IL","28",6675,158,"Illinois"
"IL","06",0,0,"Illinois"
"IL","46",85629,624,"Illinois"
"IL","43",31334,301,"Illinois"
"IL","44",44570,300,"Illinois"
"IL","45",64448,463,"Illinois"
"IL","36",16451,162,"Illinois"
"IL","37",11958,151,"Illinois"
"IL","38",12990,145,"Illinois"
"IL","24",5647,585,"Illinois"
"IL","40",13861,195,"Illinois"
"IL","41",17908,190,"Illinois"
"IL","42",25447,244,"Illinois"
"IL","39",13963,159,"Illinois"
"IL","19",16292,788,"Illinois"
"IL","20",16450,771,"Illinois"
"IL","47",82682,889,"Illinois"
"IL","31",10558,124,"Illinois"
"IL","35",13462,139,"Illinois"
"IL","12",956,9,"Illinois"
"IL","13",3547,56,"Illinois"
"IL","14",6660,209,"Illinois"
"IL","15",9596,446,"Illinois"
"IL","16",9505,570,"Illinois"
"IL","17",13546,643,"Illinois"
"IL","53",25480,642,"Illinois"
"IL","22",9956,534,"Illinois"
"IL","32",12156,131,"Illinois"
"IL","33",12033,110,"Illinois"
"IL","21",16113,679,"Illinois"
"IL","48",63816,831,"Illinois"
"IL","23",7497,514,"Illinois"
"IL","34",14182,134,"Illinois"
"IL","29",7702,100,"Illinois"
"IL","30",9916,102,"Illinois"
"IL","49",67459,1234,"Illinois"
"IL","50",61331,1223,"Illinois"
"IL","51",51466,1068,"Illinois"
"IL","52",37539,929,"Illinois"
"IN","13",1313,63,"Indiana"
"IN","35",7381,76,"Indiana"
"IN","36",6491,76,"Indiana"
"IN","34",5517,98,"Indiana"
"IN","49",48305,657,"Indiana"
"IN","39",5945,105,"Indiana"
"IN","12",182,21,"Indiana"
"IN","37",6000,86,"Indiana"
"IN","38",5701,81,"Indiana"
"IN","15",3517,241,"Indiana"
"IN","16",3282,285,"Indiana"
"IN","25",2514,107,"Indiana"
"IN","14",2897,187,"Indiana"
"IN","31",5485,79,"Indiana"
"IN","32",6471,73,"Indiana"
"IN","33",6087,107,"Indiana"
"IN","51",38992,714,"Indiana"
"IN","52",29571,661,"Indiana"
"IN","53",17692,421,"Indiana"
"IN","24",2512,128,"Indiana"
"IN","40",7696,131,"Indiana"
"IN","26",2507,79,"Indiana"
"IN","27",3078,70,"Indiana"
"IN","28",3604,75,"Indiana"
"IN","29",4959,67,"Indiana"
"IN","30",5801,82,"Indiana"
"IN","48",37960,601,"Indiana"
"IN","47",43764,533,"Indiana"
"IN","50",43817,730,"Indiana"
"IN","20",3652,258,"Indiana"
"IN","21",3598,212,"Indiana"
"IN","22",3198,150,"Indiana"
"IN","09",0,0,"Indiana"
"IN","10",2,0,"Indiana"
"IN","11",17,0,"Indiana"
"IN","41",9835,136,"Indiana"
"IN","42",12601,207,"Indiana"
"IN","43",15025,213,"Indiana"
"IN","44",19501,285,"Indiana"
"IN","17",3802,313,"Indiana"
"IN","18",4921,301,"Indiana"
"IN","19",4193,267,"Indiana"
"IN","05",0,0,"Indiana"
"IN","06",0,0,"Indiana"
"IN","07",0,0,"Indiana"
"IN","08",0,0,"Indiana"
"IN","23",2823,140,"Indiana"
"IN","45",28266,355,"Indiana"
"IN","46",41223,377,"Indiana"
"IN","04",0,0,"Indiana"
"KS","21",1072,13,"Kansas"
"KS","10",1,0,"Kansas"
"KS","07",0,0,"Kansas"
"KS","08",0,0,"Kansas"
"KS","09",0,0,"Kansas"
"KS","30",3144,27,"Kansas"
"KS","31",2703,32,"Kansas"
"KS","32",2826,22,"Kansas"
"KS","33",3247,22,"Kansas"
"KS","20",902,15,"Kansas"
"KS","05",0,0,"Kansas"
"KS","22",761,23,"Kansas"
"KS","23",674,24,"Kansas"
"KS","24",654,11,"Kansas"
"KS","25",1012,11,"Kansas"
"KS","26",1479,10,"Kansas"
"KS","27",2381,13,"Kansas"
"KS","28",2692,7,"Kansas"
"KS","29",3354,15,"Kansas"
"KS","14",494,17,"Kansas"
"KS","15",564,34,"Kansas"
"KS","16",472,35,"Kansas"
"KS","04",0,0,"Kansas"
"KS","19",1954,23,"Kansas"
"KS","06",0,0,"Kansas"
"KS","47",19026,151,"Kansas"
"KS","48",18488,119,"Kansas"
"KS","49",15274,257,"Kansas"
"KS","50",16999,286,"Kansas"
"KS","11",7,1,"Kansas"
"KS","12",56,1,"Kansas"
"KS","13",255,4,"Kansas"
"KS","53",12744,234,"Kansas"
"KS","41",4696,65,"Kansas"
"KS","42",5048,96,"Kansas"
"KS","43",5375,116,"Kansas"
"KS","44",8951,54,"Kansas"
"KS","45",12452,137,"Kansas"
"KS","34",2971,17,"Kansas"
"KS","35",4192,24,"Kansas"
"KS","36",4172,38,"Kansas"
"KS","37",3166,30,"Kansas"
"KS","38",3899,85,"Kansas"
"KS","39",4307,36,"Kansas"
"KS","40",4519,66,"Kansas"
"KS","17",1325,26,"Kansas"
"KS","18",1856,16,"Kansas"
"KS","46",17874,93,"Kansas"
"KS","51",15132,269,"Kansas"
"KS","52",9263,166,"Kansas"
"KY","18",1391,59,"Kentucky"
"KY","19",1287,64,"Kentucky"
"KY","20",1407,48,"Kentucky"
"KY","17",1194,66,"Kentucky"
"KY","12",127,3,"Kentucky"
"KY","13",445,10,"Kentucky"
"KY","10",2,0,"Kentucky"
"KY","11",35,1,"Kentucky"
"KY","16",826,58,"Kentucky"
"KY","04",0,0,"Kentucky"
"KY","05",0,0,"Kentucky"
"KY","06",0,0,"Kentucky"
"KY","21",1043,54,"Kentucky"
"KY","08",0,0,"Kentucky"
"KY","09",0,0,"Kentucky"
"KY","36",5089,81,"Kentucky"
"KY","37",4497,71,"Kentucky"
"KY","38",4507,67,"Kentucky"
"KY","39",4884,79,"Kentucky"
"KY","14",765,51,"Kentucky"
"KY","15",753,51,"Kentucky"
"KY","28",3484,41,"Kentucky"
"KY","40",5488,71,"Kentucky"
"KY","29",4380,46,"Kentucky"
"KY","30",4518,53,"Kentucky"
"KY","31",4178,49,"Kentucky"
"KY","32",4182,59,"Kentucky"
"KY","46",17707,196,"Kentucky"
"KY","47",22711,316,"Kentucky"
"KY","48",19440,301,"Kentucky"
"KY","49",22956,392,"Kentucky"
"KY","50",21102,363,"Kentucky"
"KY","51",19715,390,"Kentucky"
"KY","52",14317,387,"Kentucky"
"KY","53",14319,218,"Kentucky"
"KY","44",12036,132,"Kentucky"
"KY","41",6381,107,"Kentucky"
"KY","42",7522,124,"Kentucky"
"KY","43",9139,153,"Kentucky"
"KY","23",1401,45,"Kentucky"
"KY","33",5046,66,"Kentucky"
"KY","34",4674,67,"Kentucky"
"KY","22",1193,45,"Kentucky"
"KY","27",2238,48,"Kentucky"
"KY","24",1383,44,"Kentucky"
"KY","25",1447,29,"Kentucky"
"KY","26",1758,44,"Kentucky"
"KY","35",4839,89,"Kentucky"
"KY","07",0,0,"Kentucky"
"KY","45",13502,191,"Kentucky"
"LA","49",18878,177,"Louisiana"
"LA","50",17490,234,"Louisiana"
"LA","10",0,0,"Louisiana"
"LA","51",17532,224,"Louisiana"
"LA","52",13577,249,"Louisiana"
"LA","53",15553,197,"Louisiana"
"LA","27",8990,89,"Louisiana"
"LA","28",12896,128,"Louisiana"
"LA","29",13584,127,"Louisiana"
"LA","30",15868,220,"Louisiana"
"LA","31",12173,244,"Louisiana"
"LA","19",2290,274,"Louisiana"
"LA","06",0,0,"Louisiana"
"LA","07",0,0,"Louisiana"
"LA","08",0,0,"Louisiana"
"LA","09",0,0,"Louisiana"
"LA","23",2900,145,"Louisiana"
"LA","11",101,2,"Louisiana"
"LA","42",4282,95,"Louisiana"
"LA","43",4706,87,"Louisiana"
"LA","44",4145,89,"Louisiana"
"LA","45",5261,110,"Louisiana"
"LA","46",11532,96,"Louisiana"
"LA","47",15679,128,"Louisiana"
"LA","48",12053,147,"Louisiana"
"LA","04",0,0,"Louisiana"
"LA","05",0,0,"Louisiana"
"LA","21",2794,199,"Louisiana"
"LA","22",2624,101,"Louisiana"
"LA","36",5196,162,"Louisiana"
"LA","41",4868,78,"Louisiana"
"LA","25",3159,91,"Louisiana"
"LA","12",934,27,"Louisiana"
"LA","13",2505,122,"Louisiana"
"LA","14",9470,326,"Louisiana"
"LA","15",7585,363,"Louisiana"
"LA","16",3333,456,"Louisiana"
"LA","17",2904,433,"Louisiana"
"LA","18",2551,283,"Louisiana"
"LA","20",2825,205,"Louisiana"
"LA","34",5025,239,"Louisiana"
"LA","35",5625,185,"Louisiana"
"LA","39",3817,99,"Louisiana"
"LA","24",3803,78,"Louisiana"
"LA","40",3644,112,"Louisiana"
"LA","26",6458,94,"Louisiana"
"LA","32",11652,256,"Louisiana"
"LA","33",6519,244,"Louisiana"
"LA","37",4626,142,"Louisiana"
"LA","38",3868,131,"Louisiana"
"MA","04",0,0,"Massachusetts"
"MA","17",16861,1205,"Massachusetts"
"MA","19",9706,913,"Massachusetts"
"MA","20",8217,764,"Massachusetts"
"MA","21",6665,544,"Massachusetts"
"MA","18",13149,1089,"Massachusetts"
"MA","40",4305,108,"Massachusetts"
"MA","37",2264,87,"Massachusetts"
"MA","38",2714,106,"Massachusetts"
"MA","39",3102,100,"Massachusetts"
"MA","30",1498,106,"Massachusetts"
"MA","31",2050,98,"Massachusetts"
"MA","32",2029,88,"Massachusetts"
"MA","29",1253,101,"Massachusetts"
"MA","34",1452,106,"Massachusetts"
"MA","35",2633,107,"Massachusetts"
"MA","36",2374,86,"Massachusetts"
"MA","33",1939,100,"Massachusetts"
"MA","12",482,11,"Massachusetts"
"MA","13",4309,88,"Massachusetts"
"MA","41",3956,97,"Massachusetts"
"MA","49",31880,318,"Massachusetts"
"MA","05",1,0,"Massachusetts"
"MA","06",0,0,"Massachusetts"
"MA","07",0,0,"Massachusetts"
"MA","08",0,0,"Massachusetts"
"MA","09",0,0,"Massachusetts"
"MA","10",27,0,"Massachusetts"
"MA","11",136,0,"Massachusetts"
"MA","48",18114,229,"Massachusetts"
"MA","24",1714,236,"Massachusetts"
"MA","25",1057,184,"Massachusetts"
"MA","26",1206,156,"Massachusetts"
"MA","14",7545,281,"Massachusetts"
"MA","15",12975,721,"Massachusetts"
"MA","16",12602,1196,"Massachusetts"
"MA","45",11692,153,"Massachusetts"
"MA","42",4757,127,"Massachusetts"
"MA","43",6905,143,"Massachusetts"
"MA","44",9142,138,"Massachusetts"
"MA","28",1127,126,"Massachusetts"
"MA","22",4290,427,"Massachusetts"
"MA","23",2597,280,"Massachusetts"
"MA","52",29205,448,"Massachusetts"
"MA","50",33734,366,"Massachusetts"
"MA","51",32953,380,"Massachusetts"
"MA","47",18575,189,"Massachusetts"
"MA","53",22442,296,"Massachusetts"
"MA","46",16876,186,"Massachusetts"
"MA","27",963,129,"Massachusetts"
"MD","47",16141,150,"Maryland"
"MD","28",3623,70,"Maryland"
"MD","27",2650,85,"Maryland"
"MD","50",19632,330,"Maryland"
"MD","18",6921,384,"Maryland"
"MD","49",18959,260,"Maryland"
"MD","25",2571,122,"Maryland"
"MD","51",16112,339,"Maryland"
"MD","48",14573,219,"Maryland"
"MD","30",6191,61,"Maryland"
"MD","31",6268,73,"Maryland"
"MD","26",2651,99,"Maryland"
"MD","29",5158,61,"Maryland"
"MD","19",6965,380,"Maryland"
"MD","20",5431,367,"Maryland"
"MD","21",8348,266,"Maryland"
"MD","32",5114,66,"Maryland"
"MD","23",5077,214,"Maryland"
"MD","24",3628,167,"Maryland"
"MD","40",3911,38,"Maryland"
"MD","22",6175,274,"Maryland"
"MD","13",951,20,"Maryland"
"MD","14",2806,100,"Maryland"
"MD","15",4891,213,"Maryland"
"MD","41",4070,49,"Maryland"
"MD","46",12285,104,"Maryland"
"MD","06",0,0,"Maryland"
"MD","07",0,0,"Maryland"
"MD","08",0,0,"Maryland"
"MD","09",0,0,"Maryland"
"MD","10",3,0,"Maryland"
"MD","52",16110,313,"Maryland"
"MD","53",11036,195,"Maryland"
"MD","12",251,5,"Maryland"
"MD","17",5803,381,"Maryland"
"MD","42",4293,41,"Maryland"
"MD","43",4690,55,"Maryland"
"MD","44",6151,61,"Maryland"
"MD","35",3580,57,"Maryland"
"MD","04",0,0,"Maryland"
"MD","33",4457,57,"Maryland"
"MD","34",3954,61,"Maryland"
"MD","39",3312,44,"Maryland"
"MD","36",4634,46,"Maryland"
"MD","37",3763,36,"Maryland"
"MD","38",3922,49,"Maryland"
"MD","45",8376,79,"Maryland"
"MD","16",4748,294,"Maryland"
"MD","05",0,0,"Maryland"
"MD","11",34,0,"Maryland"
"ME","22",275,11,"Maine"
"ME","25",147,1,"Maine"
"ME","23",221,10,"Maine"
"ME","24",240,2,"Maine"
"ME","15",163,9,"Maine"
"ME","21",361,7,"Maine"
"ME","13",160,3,"Maine"
"ME","18",182,7,"Maine"
"ME","19",252,7,"Maine"
"ME","16",234,15,"Maine"
"ME","17",156,16,"Maine"
"ME","05",0,0,"Maine"
"ME","06",0,0,"Maine"
"ME","07",0,0,"Maine"
"ME","32",81,2,"Maine"
"ME","12",79,0,"Maine"
"ME","14",217,7,"Maine"
"ME","38",243,4,"Maine"
"ME","39",194,0,"Maine"
"ME","40",245,2,"Maine"
"ME","41",178,1,"Maine"
"ME","42",239,3,"Maine"
"ME","20",256,7,"Maine"
"ME","04",0,0,"Maine"
"ME","44",545,2,"Maine"
"ME","45",1098,4,"Maine"
"ME","33",146,2,"Maine"
"ME","34",159,4,"Maine"
"ME","35",170,1,"Maine"
"ME","11",14,0,"Maine"
"ME","49",2266,36,"Maine"
"ME","50",2560,32,"Maine"
"ME","51",2953,35,"Maine"
"ME","52",3033,32,"Maine"
"ME","53",1881,21,"Maine"
"ME","30",121,2,"Maine"
"ME","31",138,4,"Maine"
"ME","08",0,0,"Maine"
"ME","36",175,2,"Maine"
"ME","46",1220,13,"Maine"
"ME","47",1427,12,"Maine"
"ME","27",202,4,"Maine"
"ME","28",135,5,"Maine"
"ME","37",162,2,"Maine"
"ME","26",264,3,"Maine"
"ME","43",292,0,"Maine"
"ME","29",153,3,"Maine"
"ME","10",0,0,"Maine"
"ME","48",964,14,"Maine"
"ME","09",0,0,"Maine"
"MI","08",0,0,"Michigan"
"MI","06",0,0,"Michigan"
"MI","04",0,0,"Michigan"
"MI","07",0,0,"Michigan"
"MI","11",2025,2,"Michigan"
"MI","48",36074,746,"Michigan"
"MI","09",14,0,"Michigan"
"MI","10",238,1,"Michigan"
"MI","27",8765,56,"Michigan"
"MI","28",9521,59,"Michigan"
"MI","29",9991,36,"Michigan"
"MI","30",9183,56,"Michigan"
"MI","05",0,0,"Michigan"
"MI","17",8028,823,"Michigan"
"MI","18",7871,621,"Michigan"
"MI","49",36833,887,"Michigan"
"MI","50",27045,946,"Michigan"
"MI","51",20885,856,"Michigan"
"MI","52",16931,725,"Michigan"
"MI","53",12973,353,"Michigan"
"MI","26",8201,62,"Michigan"
"MI","39",9388,79,"Michigan"
"MI","40",7420,101,"Michigan"
"MI","41",10342,99,"Michigan"
"MI","42",12645,152,"Michigan"
"MI","43",17599,180,"Michigan"
"MI","44",25188,209,"Michigan"
"MI","45",38608,346,"Michigan"
"MI","46",45640,475,"Michigan"
"MI","47",42456,651,"Michigan"
"MI","20",14985,315,"Michigan"
"MI","21",10489,253,"Michigan"
"MI","22",5686,195,"Michigan"
"MI","38",8849,69,"Michigan"
"MI","24",4863,89,"Michigan"
"MI","12",6135,35,"Michigan"
"MI","13",8411,320,"Michigan"
"MI","14",9292,814,"Michigan"
"MI","15",7900,1107,"Michigan"
"MI","16",6879,992,"Michigan"
"MI","31",9238,65,"Michigan"
"MI","32",9251,58,"Michigan"
"MI","19",10168,454,"Michigan"
"MI","34",8958,71,"Michigan"
"MI","35",8417,63,"Michigan"
"MI","36",8079,68,"Michigan"
"MI","23",5201,134,"Michigan"
"MI","37",8442,50,"Michigan"
"MI","25",5241,76,"Michigan"
"MI","33",9380,67,"Michigan"
"MN","21",4201,139,"Minnesota"
"MN","22",4635,182,"Minnesota"
"MN","24",2469,127,"Minnesota"
"MN","53",6241,176,"Minnesota"
"MN","13",340,9,"Minnesota"
"MN","23",3016,148,"Minnesota"
"MN","44",16870,127,"Minnesota"
"MN","45",30190,181,"Minnesota"
"MN","46",42719,251,"Minnesota"
"MN","47",46576,336,"Minnesota"
"MN","04",0,0,"Minnesota"
"MN","35",5566,49,"Minnesota"
"MN","36",5361,46,"Minnesota"
"MN","37",3724,62,"Minnesota"
"MN","38",5993,47,"Minnesota"
"MN","39",6696,46,"Minnesota"
"MN","40",6188,66,"Minnesota"
"MN","41",9613,64,"Minnesota"
"MN","42",11000,95,"Minnesota"
"MN","43",9363,110,"Minnesota"
"MN","15",635,41,"Minnesota"
"MN","16",849,73,"Minnesota"
"MN","17",1132,129,"Minnesota"
"MN","34",4582,58,"Minnesota"
"MN","19",4033,150,"Minnesota"
"MN","48",42812,340,"Minnesota"
"MN","49",37893,406,"Minnesota"
"MN","50",27961,460,"Minnesota"
"MN","51",18496,406,"Minnesota"
"MN","52",11742,297,"Minnesota"
"MN","12",182,1,"Minnesota"
"MN","11",52,0,"Minnesota"
"MN","14",410,19,"Minnesota"
"MN","28",4203,31,"Minnesota"
"MN","29",3432,39,"Minnesota"
"MN","30",5599,35,"Minnesota"
"MN","18",3636,156,"Minnesota"
"MN","33",4200,58,"Minnesota"
"MN","20",5101,161,"Minnesota"
"MN","05",0,0,"Minnesota"
"MN","06",0,0,"Minnesota"
"MN","07",0,0,"Minnesota"
"MN","08",0,0,"Minnesota"
"MN","25",2534,81,"Minnesota"
"MN","26",2319,54,"Minnesota"
"MN","27",3023,41,"Minnesota"
"MN","31",4144,38,"Minnesota"
"MN","32",5569,47,"Minnesota"
"MN","09",0,0,"Minnesota"
"MN","10",2,0,"Minnesota"
"MO","31",6923,86,"Missouri"
"MO","32",7312,110,"Missouri"
"MO","33",7860,110,"Missouri"
"MO","34",8046,106,"Missouri"
"MO","13",1440,18,"Missouri"
"MO","14",1619,64,"Missouri"
"MO","11",33,0,"Missouri"
"MO","12",451,5,"Missouri"
"MO","29",7118,61,"Missouri"
"MO","30",7076,84,"Missouri"
"MO","05",0,0,"Missouri"
"MO","06",0,0,"Missouri"
"MO","07",0,0,"Missouri"
"MO","35",9086,120,"Missouri"
"MO","22",1479,64,"Missouri"
"MO","23",1311,56,"Missouri"
"MO","24",1952,45,"Missouri"
"MO","25",2674,46,"Missouri"
"MO","26",3585,56,"Missouri"
"MO","27",4928,39,"Missouri"
"MO","28",7172,43,"Missouri"
"MO","04",0,0,"Missouri"
"MO","42",13312,191,"Missouri"
"MO","18",1630,111,"Missouri"
"MO","19",1112,128,"Missouri"
"MO","20",1161,98,"Missouri"
"MO","08",0,0,"Missouri"
"MO","09",0,0,"Missouri"
"MO","10",4,0,"Missouri"
"MO","50",25665,450,"Missouri"
"MO","51",24607,382,"Missouri"
"MO","52",20027,362,"Missouri"
"MO","53",18854,189,"Missouri"
"MO","15",1336,94,"Missouri"
"MO","16",1289,93,"Missouri"
"MO","17",1322,142,"Missouri"
"MO","46",36612,344,"Missouri"
"MO","43",14861,236,"Missouri"
"MO","44",21077,267,"Missouri"
"MO","45",32005,301,"Missouri"
"MO","37",9990,156,"Missouri"
"MO","47",32876,409,"Missouri"
"MO","48",25196,449,"Missouri"
"MO","36",9818,118,"Missouri"
"MO","41",13239,203,"Missouri"
"MO","38",10775,142,"Missouri"
"MO","39",11414,166,"Missouri"
"MO","40",11096,208,"Missouri"
"MO","49",29009,425,"Missouri"
"MO","21",1217,79,"Missouri"
"MS","13",924,45,"Mississippi"
"MS","16",1435,91,"Mississippi"
"MS","14",1049,81,"Mississippi"
"MS","18",1773,109,"Mississippi"
"MS","15",1169,89,"Mississippi"
"MS","06",0,0,"Mississippi"
"MS","17",1731,121,"Mississippi"
"MS","08",0,0,"Mississippi"
"MS","09",0,0,"Mississippi"
"MS","10",39,4,"Mississippi"
"MS","11",267,24,"Mississippi"
"MS","12",698,55,"Mississippi"
"MS","25",3563,79,"Mississippi"
"MS","50",14536,273,"Mississippi"
"MS","51",14338,254,"Mississippi"
"MS","52",13044,268,"Mississippi"
"MS","53",10574,237,"Mississippi"
"MS","05",0,0,"Mississippi"
"MS","04",0,0,"Mississippi"
"MS","07",0,0,"Mississippi"
"MS","31",7048,182,"Mississippi"
"MS","32",5441,142,"Mississippi"
"MS","33",4660,137,"Mississippi"
"MS","34",5139,129,"Mississippi"
"MS","35",4501,142,"Mississippi"
"MS","36",3915,97,"Mississippi"
"MS","37",3105,104,"Mississippi"
"MS","38",3410,81,"Mississippi"
"MS","39",3453,76,"Mississippi"
"MS","40",3944,82,"Mississippi"
"MS","27",4944,146,"Mississippi"
"MS","28",7047,189,"Mississippi"
"MS","42",5367,117,"Mississippi"
"MS","43",5310,94,"Mississippi"
"MS","44",4764,94,"Mississippi"
"MS","45",6473,132,"Mississippi"
"MS","46",8486,147,"Mississippi"
"MS","47",8269,171,"Mississippi"
"MS","48",9984,213,"Mississippi"
"MS","49",12949,254,"Mississippi"
"MS","21",2187,99,"Mississippi"
"MS","29",8174,214,"Mississippi"
"MS","26",4990,128,"Mississippi"
"MS","20",1951,101,"Mississippi"
"MS","22",2330,84,"Mississippi"
"MS","19",1894,117,"Mississippi"
"MS","24",3002,61,"Mississippi"
"MS","23",2138,81,"Mississippi"
"MS","30",7655,205,"Mississippi"
"MS","41",4258,97,"Mississippi"
"MT","41",4067,23,"Montana"
"MT","46",7479,64,"Montana"
"MT","42",4119,31,"Montana"
"MT","53",1775,37,"Montana"
"MT","12",27,0,"Montana"
"MT","45",6184,80,"Montana"
"MT","44",5615,79,"Montana"
"MT","04",0,0,"Montana"
"MT","13",139,2,"Montana"
"MT","43",5059,56,"Montana"
"MT","20",12,0,"Montana"
"MT","21",9,0,"Montana"
"MT","22",36,1,"Montana"
"MT","23",33,1,"Montana"
"MT","24",61,1,"Montana"
"MT","25",108,1,"Montana"
"MT","26",202,2,"Montana"
"MT","27",330,1,"Montana"
"MT","28",592,8,"Montana"
"MT","29",692,6,"Montana"
"MT","30",848,10,"Montana"
"MT","05",0,0,"Montana"
"MT","32",824,14,"Montana"
"MT","33",762,7,"Montana"
"MT","34",711,9,"Montana"
"MT","35",850,13,"Montana"
"MT","36",924,13,"Montana"
"MT","37",757,18,"Montana"
"MT","38",1406,24,"Montana"
"MT","39",1680,14,"Montana"
"MT","40",2528,14,"Montana"
"MT","17",16,4,"Montana"
"MT","14",127,4,"Montana"
"MT","15",94,0,"Montana"
"MT","16",39,4,"Montana"
"MT","50",5428,82,"Montana"
"MT","47",8522,83,"Montana"
"MT","48",6121,68,"Montana"
"MT","49",6074,65,"Montana"
"MT","06",0,0,"Montana"
"MT","51",3867,47,"Montana"
"MT","52",2610,59,"Montana"
"MT","11",7,0,"Montana"
"MT","10",0,0,"Montana"
"MT","31",812,14,"Montana"
"MT","18",8,2,"Montana"
"MT","19",1,0,"Montana"
"MT","07",0,0,"Montana"
"MT","08",0,0,"Montana"
"MT","09",0,0,"Montana"
"NC","35",11300,195,"North Carolina"
"NC","05",0,0,"North Carolina"
"NC","06",0,0,"North Carolina"
"NC","36",9704,197,"North Carolina"
"NC","37",8548,189,"North Carolina"
"NC","38",9122,201,"North Carolina"
"NC","18",2640,117,"North Carolina"
"NC","19",3480,123,"North Carolina"
"NC","20",4019,104,"North Carolina"
"NC","21",5003,120,"North Carolina"
"NC","22",5556,162,"North Carolina"
"NC","39",9516,196,"North Carolina"
"NC","26",11576,103,"North Carolina"
"NC","27",11912,103,"North Carolina"
"NC","13",1146,6,"North Carolina"
"NC","14",1275,43,"North Carolina"
"NC","15",1850,57,"North Carolina"
"NC","16",1993,133,"North Carolina"
"NC","17",2797,120,"North Carolina"
"NC","33",9494,196,"North Carolina"
"NC","34",11148,201,"North Carolina"
"NC","46",22992,251,"North Carolina"
"NC","07",0,0,"North Carolina"
"NC","08",0,0,"North Carolina"
"NC","09",0,0,"North Carolina"
"NC","10",3,0,"North Carolina"
"NC","11",101,1,"North Carolina"
"NC","28",13997,122,"North Carolina"
"NC","29",13166,143,"North Carolina"
"NC","30",12358,179,"North Carolina"
"NC","31",11272,206,"North Carolina"
"NC","32",9790,193,"North Carolina"
"NC","04",0,0,"North Carolina"
"NC","45",17491,246,"North Carolina"
"NC","23",7686,126,"North Carolina"
"NC","24",8634,104,"North Carolina"
"NC","12",779,0,"North Carolina"
"NC","47",25451,265,"North Carolina"
"NC","53",38274,360,"North Carolina"
"NC","41",13321,191,"North Carolina"
"NC","42",14653,195,"North Carolina"
"NC","52",36597,501,"North Carolina"
"NC","44",15625,250,"North Carolina"
"NC","48",24785,288,"North Carolina"
"NC","49",40839,294,"North Carolina"
"NC","43",15546,214,"North Carolina"
"NC","51",44758,488,"North Carolina"
"NC","40",12159,178,"North Carolina"
"NC","25",9669,98,"North Carolina"
"NC","50",41388,439,"North Carolina"
"ND","22",159,8,"North Dakota"
"ND","21",518,10,"North Dakota"
"ND","09",0,0,"North Dakota"
"ND","10",0,0,"North Dakota"
"ND","20",409,8,"North Dakota"
"ND","08",0,0,"North Dakota"
"ND","04",0,0,"North Dakota"
"ND","05",0,0,"North Dakota"
"ND","23",284,11,"North Dakota"
"ND","07",0,0,"North Dakota"
"ND","19",300,10,"North Dakota"
"ND","31",799,6,"North Dakota"
"ND","06",0,0,"North Dakota"
"ND","11",1,0,"North Dakota"
"ND","24",219,2,"North Dakota"
"ND","25",208,3,"North Dakota"
"ND","32",928,8,"North Dakota"
"ND","13",68,1,"North Dakota"
"ND","14",109,2,"North Dakota"
"ND","15",101,5,"North Dakota"
"ND","16",277,2,"North Dakota"
"ND","17",282,7,"North Dakota"
"ND","18",324,8,"North Dakota"
"ND","30",860,6,"North Dakota"
"ND","46",10580,104,"North Dakota"
"ND","47",8512,103,"North Dakota"
"ND","48",5855,81,"North Dakota"
"ND","49",4090,95,"North Dakota"
"ND","50",4725,135,"North Dakota"
"ND","51",2054,76,"North Dakota"
"ND","12",29,0,"North Dakota"
"ND","40",2879,43,"North Dakota"
"ND","41",3875,68,"North Dakota"
"ND","42",4900,63,"North Dakota"
"ND","43",5604,53,"North Dakota"
"ND","44",7774,79,"North Dakota"
"ND","45",8290,99,"North Dakota"
"ND","34",1353,11,"North Dakota"
"ND","35",1816,6,"North Dakota"
"ND","36",1985,13,"North Dakota"
"ND","33",934,13,"North Dakota"
"ND","38",2413,23,"North Dakota"
"ND","26",207,2,"North Dakota"
"ND","27",321,1,"North Dakota"
"ND","53",1212,39,"North Dakota"
"ND","29",792,6,"North Dakota"
"ND","52",1437,37,"North Dakota"
"ND","39",2739,41,"North Dakota"
"ND","28",518,7,"North Dakota"
"ND","37",2030,14,"North Dakota"
"NE","13",86,2,"Nebraska"
"NE","14",241,6,"Nebraska"
"NE","11",13,0,"Nebraska"
"NE","12",32,0,"Nebraska"
"NE","09",0,0,"Nebraska"
"NE","10",3,0,"Nebraska"
"NE","18",2472,22,"Nebraska"
"NE","15",435,9,"Nebraska"
"NE","16",669,11,"Nebraska"
"NE","17",1686,28,"Nebraska"
"NE","51",8188,113,"Nebraska"
"NE","52",5681,73,"Nebraska"
"NE","49",13221,205,"Nebraska"
"NE","26",1115,23,"Nebraska"
"NE","27",1057,17,"Nebraska"
"NE","28",1264,1,"Nebraska"
"NE","53",5271,92,"Nebraska"
"NE","43",6049,48,"Nebraska"
"NE","44",8321,58,"Nebraska"
"NE","45",12156,49,"Nebraska"
"NE","42",5764,29,"Nebraska"
"NE","19",2605,20,"Nebraska"
"NE","50",9335,179,"Nebraska"
"NE","36",1831,12,"Nebraska"
"NE","37",2430,30,"Nebraska"
"NE","38",2771,8,"Nebraska"
"NE","39",2990,28,"Nebraska"
"NE","40",3721,31,"Nebraska"
"NE","41",4589,18,"Nebraska"
"NE","32",1719,27,"Nebraska"
"NE","29",1355,16,"Nebraska"
"NE","30",2055,12,"Nebraska"
"NE","31",2167,0,"Nebraska"
"NE","06",0,0,"Nebraska"
"NE","48",11711,80,"Nebraska"
"NE","04",0,0,"Nebraska"
"NE","05",0,0,"Nebraska"
"NE","25",1016,28,"Nebraska"
"NE","07",0,0,"Nebraska"
"NE","08",0,0,"Nebraska"
"NE","24",1117,28,"Nebraska"
"NE","20",2032,25,"Nebraska"
"NE","21",1829,27,"Nebraska"
"NE","33",2002,21,"Nebraska"
"NE","34",1501,17,"Nebraska"
"NE","47",14633,130,"Nebraska"
"NE","35",2198,14,"Nebraska"
"NE","22",1963,20,"Nebraska"
"NE","23",1483,18,"Nebraska"
"NE","46",14456,76,"Nebraska"
"NH","07",0,0,"New Hampshire"
"NH","06",0,0,"New Hampshire"
"NH","08",0,0,"New Hampshire"
"NH","10",4,0,"New Hampshire"
"NH","11",9,0,"New Hampshire"
"NH","18",654,26,"New Hampshire"
"NH","09",0,0,"New Hampshire"
"NH","04",0,0,"New Hampshire"
"NH","05",0,0,"New Hampshire"
"NH","47",2927,13,"New Hampshire"
"NH","44",886,10,"New Hampshire"
"NH","45",1274,6,"New Hampshire"
"NH","46",2183,10,"New Hampshire"
"NH","25",226,19,"New Hampshire"
"NH","26",203,28,"New Hampshire"
"NH","27",150,14,"New Hampshire"
"NH","28",157,10,"New Hampshire"
"NH","29",149,7,"New Hampshire"
"NH","30",233,11,"New Hampshire"
"NH","31",198,8,"New Hampshire"
"NH","32",197,2,"New Hampshire"
"NH","33",157,4,"New Hampshire"
"NH","34",119,6,"New Hampshire"
"NH","48",2882,14,"New Hampshire"
"NH","49",4291,38,"New Hampshire"
"NH","36",193,1,"New Hampshire"
"NH","37",249,3,"New Hampshire"
"NH","38",251,2,"New Hampshire"
"NH","39",225,1,"New Hampshire"
"NH","40",473,4,"New Hampshire"
"NH","41",498,13,"New Hampshire"
"NH","42",551,11,"New Hampshire"
"NH","43",634,6,"New Hampshire"
"NH","22",502,36,"New Hampshire"
"NH","19",553,47,"New Hampshire"
"NH","20",525,39,"New Hampshire"
"NH","21",553,37,"New Hampshire"
"NH","14",411,6,"New Hampshire"
"NH","23",392,41,"New Hampshire"
"NH","12",65,0,"New Hampshire"
"NH","13",180,3,"New Hampshire"
"NH","53",3219,50,"New Hampshire"
"NH","15",316,14,"New Hampshire"
"NH","16",407,18,"New Hampshire"
"NH","17",472,19,"New Hampshire"
"NH","50",6185,39,"New Hampshire"
"NH","35",147,3,"New Hampshire"
"NH","24",275,34,"New Hampshire"
"NH","51",5586,53,"New Hampshire"
"NH","52",4267,52,"New Hampshire"
"NJ","35",2400,-9,"New Jersey"
"NJ","48",32618,217,"New Jersey"
"NJ","49",39023,343,"New Jersey"
"NJ","38",3498,36,"New Jersey"
"NJ","39",4315,39,"New Jersey"
"NJ","36",2755,52,"New Jersey"
"NJ","37",2911,42,"New Jersey"
"NJ","14",24119,756,"New Jersey"
"NJ","19",11845,1384,"New Jersey"
"NJ","20",7890,1101,"New Jersey"
"NJ","21",7935,777,"New Jersey"
"NJ","22",6373,565,"New Jersey"
"NJ","23",3833,478,"New Jersey"
"NJ","24",2832,449,"New Jersey"
"NJ","40",5302,30,"New Jersey"
"NJ","26",2223,281,"New Jersey"
"NJ","27",2458,236,"New Jersey"
"NJ","15",24345,1433,"New Jersey"
"NJ","16",23451,1852,"New Jersey"
"NJ","17",23737,1736,"New Jersey"
"NJ","18",17726,1933,"New Jersey"
"NJ","32",2682,38,"New Jersey"
"NJ","33",2956,29,"New Jersey"
"NJ","34",2313,43,"New Jersey"
"NJ","50",37287,430,"New Jersey"
"NJ","51",36271,443,"New Jersey"
"NJ","52",32759,436,"New Jersey"
"NJ","53",18685,412,"New Jersey"
"NJ","11",92,2,"New Jersey"
"NJ","41",6172,38,"New Jersey"
"NJ","28",2188,330,"New Jersey"
"NJ","29",1783,165,"New Jersey"
"NJ","30",2899,81,"New Jersey"
"NJ","31",3279,49,"New Jersey"
"NJ","46",29018,137,"New Jersey"
"NJ","47",31074,195,"New Jersey"
"NJ","06",0,0,"New Jersey"
"NJ","25",2417,245,"New Jersey"
"NJ","07",0,0,"New Jersey"
"NJ","08",0,0,"New Jersey"
"NJ","09",0,0,"New Jersey"
"NJ","43",10388,74,"New Jersey"
"NJ","12",1816,18,"New Jersey"
"NJ","13",11472,141,"New Jersey"
"NJ","42",7708,37,"New Jersey"
"NJ","05",0,0,"New Jersey"
"NJ","44",13983,69,"New Jersey"
"NJ","45",18947,75,"New Jersey"
"NJ","04",0,0,"New Jersey"
"NJ","10",6,0,"New Jersey"
"NM","28",1772,29,"New Mexico"
"NM","29",1943,35,"New Mexico"
"NM","30",2071,41,"New Mexico"
"NM","31",1974,52,"New Mexico"
"NM","13",172,3,"New Mexico"
"NM","19",1013,64,"New Mexico"
"NM","20",1075,61,"New Mexico"
"NM","07",0,0,"New Mexico"
"NM","08",0,0,"New Mexico"
"NM","09",0,0,"New Mexico"
"NM","10",0,0,"New Mexico"
"NM","11",17,0,"New Mexico"
"NM","12",48,0,"New Mexico"
"NM","27",1447,23,"New Mexico"
"NM","14",387,11,"New Mexico"
"NM","15",621,21,"New Mexico"
"NM","16",600,35,"New Mexico"
"NM","32",1299,32,"New Mexico"
"NM","04",0,0,"New Mexico"
"NM","05",0,0,"New Mexico"
"NM","21",1005,42,"New Mexico"
"NM","22",746,51,"New Mexico"
"NM","23",1251,30,"New Mexico"
"NM","24",783,35,"New Mexico"
"NM","25",842,32,"New Mexico"
"NM","26",1244,20,"New Mexico"
"NM","39",1265,14,"New Mexico"
"NM","51",10193,230,"New Mexico"
"NM","52",7975,196,"New Mexico"
"NM","53",4896,122,"New Mexico"
"NM","40",1633,18,"New Mexico"
"NM","17",881,56,"New Mexico"
"NM","18",1124,70,"New Mexico"
"NM","06",0,0,"New Mexico"
"NM","45",7649,161,"New Mexico"
"NM","46",9320,211,"New Mexico"
"NM","47",17695,208,"New Mexico"
"NM","48",13521,221,"New Mexico"
"NM","49",12671,274,"New Mexico"
"NM","50",11712,312,"New Mexico"
"NM","41",2506,22,"New Mexico"
"NM","42",3805,26,"New Mexico"
"NM","43",5075,65,"New Mexico"
"NM","33",1093,30,"New Mexico"
"NM","34",988,22,"New Mexico"
"NM","35",887,23,"New Mexico"
"NM","36",824,16,"New Mexico"
"NM","37",654,9,"New Mexico"
"NM","38",818,14,"New Mexico"
"NM","44",5369,91,"New Mexico"
"NV","15",1000,68,"Nevada"
"NV","16",892,43,"Nevada"
"NV","17",874,56,"Nevada"
"NV","13",730,13,"Nevada"
"NV","26",3963,14,"Nevada"
"NV","27",5249,35,"Nevada"
"NV","14",916,31,"Nevada"
"NV","18",824,49,"Nevada"
"NV","19",683,55,"Nevada"
"NV","06",0,0,"Nevada"
"NV","04",0,0,"Nevada"
"NV","08",0,0,"Nevada"
"NV","09",0,0,"Nevada"
"NV","10",3,0,"Nevada"
"NV","11",13,0,"Nevada"
"NV","12",174,2,"Nevada"
"NV","25",2261,44,"Nevada"
"NV","40",3369,38,"Nevada"
"NV","41",3667,42,"Nevada"
"NV","42",4486,50,"Nevada"
"NV","43",5346,-9,"Nevada"
"NV","44",5776,33,"Nevada"
"NV","05",0,0,"Nevada"
"NV","07",0,0,"Nevada"
"NV","34",4355,127,"Nevada"
"NV","35",3298,104,"Nevada"
"NV","36",2697,91,"Nevada"
"NV","37",1905,65,"Nevada"
"NV","38",1844,71,"Nevada"
"NV","39",3225,69,"Nevada"
"NV","53",7222,173,"Nevada"
"NV","30",7090,87,"Nevada"
"NV","46",10161,58,"Nevada"
"NV","28",5248,60,"Nevada"
"NV","29",8083,56,"Nevada"
"NV","49",17612,179,"Nevada"
"NV","50",18694,224,"Nevada"
"NV","47",13705,108,"Nevada"
"NV","48",16639,119,"Nevada"
"NV","20",763,48,"Nevada"
"NV","21",914,45,"Nevada"
"NV","51",17112,242,"Nevada"
"NV","52",13564,171,"Nevada"
"NV","24",1524,26,"Nevada"
"NV","33",5055,115,"Nevada"
"NV","31",7370,98,"Nevada"
"NV","32",6019,127,"Nevada"
"NV","22",824,28,"Nevada"
"NV","23",1039,0,"Nevada"
"NV","45",8543,70,"Nevada"
"NY","49",43135,362,"New York"
"NY","50",45287,515,"New York"
"NY","48",30237,278,"New York"
"NY","05",0,0,"New York"
"NY","06",0,0,"New York"
"NY","52",47312,712,"New York"
"NY","53",33273,387,"New York"
"NY","19",8894,1216,"New York"
"NY","51",47461,633,"New York"
"NY","07",0,0,"New York"
"NY","18",12297,820,"New York"
"NY","09",0,0,"New York"
"NY","20",6550,581,"New York"
"NY","11",372,1,"New York"
"NY","08",0,0,"New York"
"NY","27",2373,38,"New York"
"NY","28",2493,41,"New York"
"NY","29",2733,41,"New York"
"NY","30",2587,33,"New York"
"NY","31",2600,40,"New York"
"NY","32",2453,19,"New York"
"NY","33",2257,22,"New York"
"NY","34",2332,29,"New York"
"NY","35",2514,21,"New York"
"NY","36",3361,19,"New York"
"NY","10",28,0,"New York"
"NY","40",5232,41,"New York"
"NY","41",5757,35,"New York"
"NY","42",6007,42,"New York"
"NY","43",6980,58,"New York"
"NY","44",8671,70,"New York"
"NY","45",12237,80,"New York"
"NY","46",20327,144,"New York"
"NY","47",23305,182,"New York"
"NY","04",0,0,"New York"
"NY","24",2318,163,"New York"
"NY","21",5864,382,"New York"
"NY","22",4075,300,"New York"
"NY","23",3661,209,"New York"
"NY","14",28735,898,"New York"
"NY","25",2044,104,"New York"
"NY","12",5723,23,"New York"
"NY","13",19622,95,"New York"
"NY","39",3229,12,"New York"
"NY","15",31006,1426,"New York"
"NY","16",22864,1344,"New York"
"NY","17",21437,1044,"New York"
"NY","37",3071,22,"New York"
"NY","38",3141,23,"New York"
"NY","26",2299,61,"New York"
"OH","26",5501,107,"Ohio"
"OH","40",8098,184,"Ohio"
"OH","41",9842,74,"Ohio"
"OH","27",6842,104,"Ohio"
"OH","28",8441,147,"Ohio"
"OH","29",9340,116,"Ohio"
"OH","49",60592,560,"Ohio"
"OH","50",87703,533,"Ohio"
"OH","51",60079,555,"Ohio"
"OH","48",63013,403,"Ohio"
"OH","53",29855,453,"Ohio"
"OH","10",0,0,"Ohio"
"OH","11",37,0,"Ohio"
"OH","52",47719,462,"Ohio"
"OH","13",1302,26,"Ohio"
"OH","30",9141,133,"Ohio"
"OH","31",8958,222,"Ohio"
"OH","12",314,3,"Ohio"
"OH","17",4361,257,"Ohio"
"OH","18",3951,310,"Ohio"
"OH","19",4167,303,"Ohio"
"OH","20",3842,284,"Ohio"
"OH","21",3988,344,"Ohio"
"OH","22",3602,186,"Ohio"
"OH","23",2963,222,"Ohio"
"OH","24",2672,180,"Ohio"
"OH","25",3660,143,"Ohio"
"OH","43",16328,139,"Ohio"
"OH","44",20885,97,"Ohio"
"OH","45",31268,214,"Ohio"
"OH","46",47828,205,"Ohio"
"OH","32",7817,140,"Ohio"
"OH","33",7439,157,"Ohio"
"OH","34",6515,152,"Ohio"
"OH","35",7460,150,"Ohio"
"OH","36",8296,131,"Ohio"
"OH","37",6847,156,"Ohio"
"OH","38",6904,200,"Ohio"
"OH","39",6500,126,"Ohio"
"OH","42",13038,68,"Ohio"
"OH","47",53323,274,"Ohio"
"OH","04",0,0,"Ohio"
"OH","14",2390,90,"Ohio"
"OH","15",2475,129,"Ohio"
"OH","07",0,0,"Ohio"
"OH","08",0,0,"Ohio"
"OH","05",0,0,"Ohio"
"OH","06",0,0,"Ohio"
"OH","16",5084,223,"Ohio"
"OH","09",0,0,"Ohio"
"OK","21",566,25,"Oklahoma"
"OK","04",0,0,"Oklahoma"
"OK","05",0,0,"Oklahoma"
"OK","22",678,24,"Oklahoma"
"OK","07",0,0,"Oklahoma"
"OK","23",1164,16,"Oklahoma"
"OK","24",2176,18,"Oklahoma"
"OK","06",1,0,"Oklahoma"
"OK","12",552,7,"Oklahoma"
"OK","13",599,18,"Oklahoma"
"OK","14",627,38,"Oklahoma"
"OK","15",647,53,"Oklahoma"
"OK","16",562,50,"Oklahoma"
"OK","17",640,51,"Oklahoma"
"OK","18",759,47,"Oklahoma"
"OK","19",644,32,"Oklahoma"
"OK","20",828,19,"Oklahoma"
"OK","33",4715,97,"Oklahoma"
"OK","34",4459,76,"Oklahoma"
"OK","35",5605,84,"Oklahoma"
"OK","36",6210,84,"Oklahoma"
"OK","25",3307,16,"Oklahoma"
"OK","26",3675,18,"Oklahoma"
"OK","27",4762,23,"Oklahoma"
"OK","28",6093,40,"Oklahoma"
"OK","29",5842,48,"Oklahoma"
"OK","30",4961,73,"Oklahoma"
"OK","31",4278,73,"Oklahoma"
"OK","32",4412,73,"Oklahoma"
"OK","45",17211,168,"Oklahoma"
"OK","46",23019,212,"Oklahoma"
"OK","47",22808,262,"Oklahoma"
"OK","08",9,0,"Oklahoma"
"OK","09",21,0,"Oklahoma"
"OK","37",6342,76,"Oklahoma"
"OK","38",8041,74,"Oklahoma"
"OK","39",7585,86,"Oklahoma"
"OK","40",7759,83,"Oklahoma"
"OK","41",8595,113,"Oklahoma"
"OK","42",8367,115,"Oklahoma"
"OK","43",9602,164,"Oklahoma"
"OK","44",10192,152,"Oklahoma"
"OK","52",21776,344,"Oklahoma"
"OK","10",60,0,"Oklahoma"
"OK","11",234,0,"Oklahoma"
"OK","51",23670,329,"Oklahoma"
"OK","50",21751,368,"Oklahoma"
"OK","53",17964,234,"Oklahoma"
"OK","48",19083,290,"Oklahoma"
"OK","49",22673,391,"Oklahoma"
"OR","20",395,10,"Oregon"
"OR","09",1,0,"Oregon"
"OR","10",13,0,"Oregon"
"OR","11",25,1,"Oregon"
"OR","12",122,4,"Oregon"
"OR","07",0,0,"Oregon"
"OR","04",0,0,"Oregon"
"OR","05",0,0,"Oregon"
"OR","06",0,0,"Oregon"
"OR","51",9077,186,"Oregon"
"OR","08",0,0,"Oregon"
"OR","49",10376,128,"Oregon"
"OR","50",9357,122,"Oregon"
"OR","14",520,14,"Oregon"
"OR","15",459,25,"Oregon"
"OR","16",383,22,"Oregon"
"OR","17",401,17,"Oregon"
"OR","18",369,18,"Oregon"
"OR","19",548,18,"Oregon"
"OR","33",2472,37,"Oregon"
"OR","21",304,11,"Oregon"
"OR","22",316,5,"Oregon"
"OR","23",565,11,"Oregon"
"OR","52",6795,86,"Oregon"
"OR","53",4184,50,"Oregon"
"OR","13",387,8,"Oregon"
"OR","27",1889,13,"Oregon"
"OR","28",1940,19,"Oregon"
"OR","29",2409,26,"Oregon"
"OR","30",2179,29,"Oregon"
"OR","31",2339,37,"Oregon"
"OR","32",2175,30,"Oregon"
"OR","46",6432,31,"Oregon"
"OR","34",1193,24,"Oregon"
"OR","35",1617,41,"Oregon"
"OR","36",1490,23,"Oregon"
"OR","24",828,12,"Oregon"
"OR","25",1301,14,"Oregon"
"OR","26",1404,12,"Oregon"
"OR","40",1950,25,"Oregon"
"OR","41",2485,27,"Oregon"
"OR","42",2277,21,"Oregon"
"OR","43",2569,33,"Oregon"
"OR","44",3328,38,"Oregon"
"OR","45",5019,39,"Oregon"
"OR","47",8290,59,"Oregon"
"OR","48",8950,85,"Oregon"
"OR","39",2019,21,"Oregon"
"OR","37",1293,28,"Oregon"
"OR","38",1464,17,"Oregon"
"PA","53",30584,968,"Pennsylvania"
"PA","43",12389,174,"Pennsylvania"
"PA","42",10090,142,"Pennsylvania"
"PA","47",45071,530,"Pennsylvania"
"PA","48",47199,509,"Pennsylvania"
"PA","49",63023,980,"Pennsylvania"
"PA","50",71612,1234,"Pennsylvania"
"PA","51",63971,1359,"Pennsylvania"
"PA","52",54094,1086,"Pennsylvania"
"PA","12",483,2,"Pennsylvania"
"PA","13",2938,36,"Pennsylvania"
"PA","14",8126,112,"Pennsylvania"
"PA","15",11651,357,"Pennsylvania"
"PA","44",16009,151,"Pennsylvania"
"PA","45",21169,203,"Pennsylvania"
"PA","46",35043,292,"Pennsylvania"
"PA","19",8001,1263,"Pennsylvania"
"PA","20",5889,711,"Pennsylvania"
"PA","21",5576,721,"Pennsylvania"
"PA","22",4401,428,"Pennsylvania"
"PA","23",3787,386,"Pennsylvania"
"PA","24",3331,290,"Pennsylvania"
"PA","25",3035,183,"Pennsylvania"
"PA","26",3817,188,"Pennsylvania"
"PA","27",4615,140,"Pennsylvania"
"PA","28",5438,157,"Pennsylvania"
"PA","16",9892,605,"Pennsylvania"
"PA","17",9885,438,"Pennsylvania"
"PA","18",9033,894,"Pennsylvania"
"PA","33",5834,154,"Pennsylvania"
"PA","34",4682,110,"Pennsylvania"
"PA","35",4582,95,"Pennsylvania"
"PA","36",5889,87,"Pennsylvania"
"PA","37",5336,109,"Pennsylvania"
"PA","38",5932,87,"Pennsylvania"
"PA","39",6059,150,"Pennsylvania"
"PA","40",7068,110,"Pennsylvania"
"PA","41",8832,134,"Pennsylvania"
"PA","04",0,0,"Pennsylvania"
"PA","05",0,0,"Pennsylvania"
"PA","29",5844,107,"Pennsylvania"
"PA","30",6640,104,"Pennsylvania"
"PA","08",0,0,"Pennsylvania"
"PA","09",0,0,"Pennsylvania"
"PA","06",0,0,"Pennsylvania"
"PA","07",0,0,"Pennsylvania"
"PA","31",6195,87,"Pennsylvania"
"PA","10",5,0,"Pennsylvania"
"PA","11",60,0,"Pennsylvania"
"PA","32",5459,105,"Pennsylvania"
"RI","12",72,1,"Rhode Island"
"RI","24",473,24,"Rhode Island"
"RI","13",233,3,"Rhode Island"
"RI","14",654,24,"Rhode Island"
"RI","15",1891,54,"Rhode Island"
"RI","25",371,36,"Rhode Island"
"RI","26",359,23,"Rhode Island"
"RI","31",697,6,"Rhode Island"
"RI","32",704,10,"Rhode Island"
"RI","33",618,8,"Rhode Island"
"RI","34",717,20,"Rhode Island"
"RI","35",553,10,"Rhode Island"
"RI","36",494,12,"Rhode Island"
"RI","37",578,9,"Rhode Island"
"RI","38",789,15,"Rhode Island"
"RI","39",784,10,"Rhode Island"
"RI","27",287,21,"Rhode Island"
"RI","28",334,14,"Rhode Island"
"RI","29",510,12,"Rhode Island"
"RI","30",634,9,"Rhode Island"
"RI","04",0,0,"Rhode Island"
"RI","05",0,0,"Rhode Island"
"RI","06",0,0,"Rhode Island"
"RI","07",0,0,"Rhode Island"
"RI","08",0,0,"Rhode Island"
"RI","09",0,0,"Rhode Island"
"RI","10",2,0,"Rhode Island"
"RI","11",18,0,"Rhode Island"
"RI","50",8379,139,"Rhode Island"
"RI","51",6236,132,"Rhode Island"
"RI","52",5176,101,"Rhode Island"
"RI","53",4585,56,"Rhode Island"
"RI","16",2011,93,"Rhode Island"
"RI","17",2617,101,"Rhode Island"
"RI","18",2023,126,"Rhode Island"
"RI","19",1863,134,"Rhode Island"
"RI","20",1486,109,"Rhode Island"
"RI","21",1125,105,"Rhode Island"
"RI","22",848,75,"Rhode Island"
"RI","23",636,58,"Rhode Island"
"RI","48",5994,68,"Rhode Island"
"RI","49",9060,85,"Rhode Island"
"RI","41",1324,17,"Rhode Island"
"RI","42",1614,26,"Rhode Island"
"RI","43",2603,17,"Rhode Island"
"RI","40",1035,10,"Rhode Island"
"RI","45",3868,25,"Rhode Island"
"RI","46",5729,43,"Rhode Island"
"RI","47",6645,49,"Rhode Island"
"RI","44",2941,25,"Rhode Island"
"SC","06",0,0,"South Carolina"
"SC","07",0,0,"South Carolina"
"SC","08",0,0,"South Carolina"
"SC","04",0,0,"South Carolina"
"SC","05",0,0,"South Carolina"
"SC","19",1060,62,"South Carolina"
"SC","20",1277,52,"South Carolina"
"SC","21",1390,52,"South Carolina"
"SC","09",0,0,"South Carolina"
"SC","10",5,0,"South Carolina"
"SC","11",17,0,"South Carolina"
"SC","12",200,3,"South Carolina"
"SC","13",496,14,"South Carolina"
"SC","14",1267,35,"South Carolina"
"SC","15",1320,54,"South Carolina"
"SC","16",1050,55,"South Carolina"
"SC","17",1105,51,"South Carolina"
"SC","18",1091,71,"South Carolina"
"SC","32",9082,280,"South Carolina"
"SC","33",7182,250,"South Carolina"
"SC","34",5809,225,"South Carolina"
"SC","35",6855,210,"South Carolina"
"SC","36",7660,182,"South Carolina"
"SC","37",5595,152,"South Carolina"
"SC","38",5799,131,"South Carolina"
"SC","39",5612,127,"South Carolina"
"SC","40",5113,114,"South Carolina"
"SC","41",6205,96,"South Carolina"
"SC","42",6626,110,"South Carolina"
"SC","43",6566,129,"South Carolina"
"SC","44",7216,125,"South Carolina"
"SC","45",8234,101,"South Carolina"
"SC","46",9840,123,"South Carolina"
"SC","47",11130,129,"South Carolina"
"SC","48",11218,125,"South Carolina"
"SC","49",16597,185,"South Carolina"
"SC","50",21134,190,"South Carolina"
"SC","51",22778,252,"South Carolina"
"SC","52",25342,300,"South Carolina"
"SC","53",12772,195,"South Carolina"
"SC","27",12057,127,"South Carolina"
"SC","28",11545,147,"South Carolina"
"SC","29",13099,226,"South Carolina"
"SC","30",12807,320,"South Carolina"
"SC","31",10695,299,"South Carolina"
"SC","23",2591,58,"South Carolina"
"SC","24",4274,50,"South Carolina"
"SC","25",5802,57,"South Carolina"
"SC","22",1777,62,"South Carolina"
"SC","26",8186,83,"South Carolina"
"SD","09",0,0,"South Dakota"
"SD","10",0,0,"South Dakota"
"SD","11",9,1,"South Dakota"
"SD","04",0,0,"South Dakota"
"SD","05",0,0,"South Dakota"
"SD","06",0,0,"South Dakota"
"SD","07",0,0,"South Dakota"
"SD","08",0,0,"South Dakota"
"SD","21",576,6,"South Dakota"
"SD","22",430,12,"South Dakota"
"SD","23",445,3,"South Dakota"
"SD","24",460,10,"South Dakota"
"SD","25",399,6,"South Dakota"
"SD","26",384,10,"South Dakota"
"SD","27",382,6,"South Dakota"
"SD","28",436,12,"South Dakota"
"SD","29",407,9,"South Dakota"
"SD","30",489,5,"South Dakota"
"SD","31",560,12,"South Dakota"
"SD","32",650,11,"South Dakota"
"SD","33",669,7,"South Dakota"
"SD","34",1002,8,"South Dakota"
"SD","35",2046,6,"South Dakota"
"SD","36",1787,6,"South Dakota"
"SD","37",1529,11,"South Dakota"
"SD","38",2058,18,"South Dakota"
"SD","39",2845,16,"South Dakota"
"SD","40",2877,30,"South Dakota"
"SD","41",4146,38,"South Dakota"
"SD","42",4705,37,"South Dakota"
"SD","43",5934,52,"South Dakota"
"SD","44",8121,62,"South Dakota"
"SD","45",8080,99,"South Dakota"
"SD","46",9977,108,"South Dakota"
"SD","47",7684,175,"South Dakota"
"SD","48",6835,124,"South Dakota"
"SD","49",6091,167,"South Dakota"
"SD","50",5047,149,"South Dakota"
"SD","51",3689,102,"South Dakota"
"SD","12",12,0,"South Dakota"
"SD","13",69,0,"South Dakota"
"SD","14",150,1,"South Dakota"
"SD","15",490,4,"South Dakota"
"SD","16",905,1,"South Dakota"
"SD","17",577,4,"South Dakota"
"SD","18",419,10,"South Dakota"
"SD","19",886,13,"South Dakota"
"SD","20",470,10,"South Dakota"
"SD","52",2663,85,"South Dakota"
"SD","53",1774,42,"South Dakota"
"TN","12",1028,3,"Tennessee"
"TN","15",1315,54,"Tennessee"
"TN","16",1820,43,"Tennessee"
"TN","13",1610,13,"Tennessee"
"TN","14",1679,54,"Tennessee"
"TN","19",2683,50,"Tennessee"
"TN","20",2174,56,"Tennessee"
"TN","21",3022,35,"Tennessee"
"TN","22",3484,48,"Tennessee"
"TN","23",3545,45,"Tennessee"
"TN","24",4287,31,"Tennessee"
"TN","25",5639,60,"Tennessee"
"TN","26",8719,59,"Tennessee"
"TN","27",10389,79,"Tennessee"
"TN","28",15445,107,"Tennessee"
"TN","29",14104,115,"Tennessee"
"TN","17",2627,36,"Tennessee"
"TN","18",3400,35,"Tennessee"
"TN","32",11874,170,"Tennessee"
"TN","33",10498,167,"Tennessee"
"TN","34",9824,144,"Tennessee"
"TN","35",10576,185,"Tennessee"
"TN","36",9937,148,"Tennessee"
"TN","37",8973,185,"Tennessee"
"TN","38",9706,151,"Tennessee"
"TN","39",9462,160,"Tennessee"
"TN","40",10890,151,"Tennessee"
"TN","41",13231,190,"Tennessee"
"TN","42",15519,234,"Tennessee"
"TN","30",12607,158,"Tennessee"
"TN","31",12444,170,"Tennessee"
"TN","45",24704,285,"Tennessee"
"TN","46",32423,321,"Tennessee"
"TN","47",34155,409,"Tennessee"
"TN","48",31398,448,"Tennessee"
"TN","49",45632,505,"Tennessee"
"TN","50",47115,522,"Tennessee"
"TN","51",48836,592,"Tennessee"
"TN","52",37888,688,"Tennessee"
"TN","53",34013,373,"Tennessee"
"TN","44",19600,263,"Tennessee"
"TN","04",0,0,"Tennessee"
"TN","05",0,0,"Tennessee"
"TN","43",17624,235,"Tennessee"
"TN","07",0,0,"Tennessee"
"TN","08",0,0,"Tennessee"
"TN","09",0,0,"Tennessee"
"TN","06",0,0,"Tennessee"
"TN","11",106,0,"Tennessee"
"TN","10",5,0,"Tennessee"
"TX","05",0,0,"Texas"
"TX","06",0,0,"Texas"
"TX","04",0,0,"Texas"
"TX","17",5708,234,"Texas"
"TX","18",6917,226,"Texas"
"TX","19",7321,215,"Texas"
"TX","07",0,0,"Texas"
"TX","08",0,0,"Texas"
"TX","09",0,0,"Texas"
"TX","10",5,0,"Texas"
"TX","11",51,1,"Texas"
"TX","12",207,11,"Texas"
"TX","13",2289,57,"Texas"
"TX","14",4241,154,"Texas"
"TX","15",6691,197,"Texas"
"TX","16",5439,227,"Texas"
"TX","30",56626,1801,"Texas"
"TX","31",55055,1631,"Texas"
"TX","32",49651,1421,"Texas"
"TX","20",8915,237,"Texas"
"TX","21",7564,173,"Texas"
"TX","22",8939,187,"Texas"
"TX","23",10691,177,"Texas"
"TX","24",12876,233,"Texas"
"TX","25",23747,286,"Texas"
"TX","26",37122,464,"Texas"
"TX","27",46516,824,"Texas"
"TX","28",63419,1316,"Texas"
"TX","29",66372,1700,"Texas"
"TX","42",31301,532,"Texas"
"TX","43",38596,611,"Texas"
"TX","44",42480,846,"Texas"
"TX","45",61785,940,"Texas"
"TX","46",74287,1071,"Texas"
"TX","47",85214,1192,"Texas"
"TX","48",73091,1278,"Texas"
"TX","49",108606,1357,"Texas"
"TX","50",97398,1536,"Texas"
"TX","51",108957,1588,"Texas"
"TX","52",86929,1656,"Texas"
"TX","53",87575,1076,"Texas"
"TX","40",30762,402,"Texas"
"TX","41",26584,443,"Texas"
"TX","33",48680,1255,"Texas"
"TX","34",42495,911,"Texas"
"TX","35",32817,755,"Texas"
"TX","36",27956,624,"Texas"
"TX","37",21124,517,"Texas"
"TX","38",29100,474,"Texas"
"TX","39",46598,446,"Texas"
"UT","50",18497,116,"Utah"
"UT","47",23368,75,"Utah"
"UT","48",16633,75,"Utah"
"UT","49",21598,71,"Utah"
"UT","45",16111,45,"Utah"
"UT","46",21187,59,"Utah"
"UT","19",1056,17,"Utah"
"UT","20",988,13,"Utah"
"UT","21",1195,18,"Utah"
"UT","22",1444,15,"Utah"
"UT","51",17060,100,"Utah"
"UT","52",13910,59,"Utah"
"UT","53",11738,55,"Utah"
"UT","13",620,2,"Utah"
"UT","14",816,5,"Utah"
"UT","15",733,10,"Utah"
"UT","16",813,10,"Utah"
"UT","17",1063,13,"Utah"
"UT","18",1047,9,"Utah"
"UT","33",2534,26,"Utah"
"UT","34",2480,22,"Utah"
"UT","35",2780,21,"Utah"
"UT","36",2839,15,"Utah"
"UT","37",3398,13,"Utah"
"UT","38",5610,6,"Utah"
"UT","39",6260,13,"Utah"
"UT","40",7003,25,"Utah"
"UT","41",8226,39,"Utah"
"UT","42",8550,26,"Utah"
"UT","43",10488,29,"Utah"
"UT","44",11628,42,"Utah"
"UT","04",0,0,"Utah"
"UT","05",0,0,"Utah"
"UT","06",0,0,"Utah"
"UT","07",0,0,"Utah"
"UT","08",0,0,"Utah"
"UT","09",0,0,"Utah"
"UT","10",1,0,"Utah"
"UT","11",20,0,"Utah"
"UT","12",148,1,"Utah"
"UT","26",3625,10,"Utah"
"UT","27",4050,17,"Utah"
"UT","28",4677,31,"Utah"
"UT","29",4505,27,"Utah"
"UT","30",3820,32,"Utah"
"UT","31",3257,36,"Utah"
"UT","32",2955,26,"Utah"
"UT","24",2352,18,"Utah"
"UT","25",3356,19,"Utah"
"UT","23",2173,8,"Utah"
"VA","13",766,19,"Virginia"
"VA","11",49,1,"Virginia"
"VA","12",203,5,"Virginia"
"VA","04",0,0,"Virginia"
"VA","05",0,0,"Virginia"
"VA","06",0,0,"Virginia"
"VA","07",0,0,"Virginia"
"VA","08",0,0,"Virginia"
"VA","09",0,0,"Virginia"
"VA","10",2,0,"Virginia"
"VA","24",3635,75,"Virginia"
"VA","25",3579,68,"Virginia"
"VA","26",3724,120,"Virginia"
"VA","27",3913,113,"Virginia"
"VA","28",5540,115,"Virginia"
"VA","29",6733,63,"Virginia"
"VA","30",7697,51,"Virginia"
"VA","31",7034,136,"Virginia"
"VA","32",7644,109,"Virginia"
"VA","33",6671,58,"Virginia"
"VA","34",6209,86,"Virginia"
"VA","35",6964,109,"Virginia"
"VA","36",6977,104,"Virginia"
"VA","37",7000,59,"Virginia"
"VA","38",6567,278,"Virginia"
"VA","39",5455,151,"Virginia"
"VA","40",5964,104,"Virginia"
"VA","41",7013,85,"Virginia"
"VA","42",7258,96,"Virginia"
"VA","43",7447,124,"Virginia"
"VA","44",9144,77,"Virginia"
"VA","45",10059,55,"Virginia"
"VA","46",11160,92,"Virginia"
"VA","47",16401,137,"Virginia"
"VA","48",16797,120,"Virginia"
"VA","49",21034,146,"Virginia"
"VA","50",26279,206,"Virginia"
"VA","51",25740,240,"Virginia"
"VA","52",25286,207,"Virginia"
"VA","53",18592,220,"Virginia"
"VA","14",1858,29,"Virginia"
"VA","15",2869,95,"Virginia"
"VA","16",3243,151,"Virginia"
"VA","17",4545,158,"Virginia"
"VA","18",5957,226,"Virginia"
"VA","19",5578,166,"Virginia"
"VA","20",6070,164,"Virginia"
"VA","21",6587,194,"Virginia"
"VA","22",7671,184,"Virginia"
"VA","23",5853,85,"Virginia"
"VT","04",0,0,"Vermont"
"VT","05",0,0,"Vermont"
"VT","06",0,0,"Vermont"
"VT","07",0,0,"Vermont"
"VT","08",0,0,"Vermont"
"VT","09",0,0,"Vermont"
"VT","10",1,0,"Vermont"
"VT","11",3,0,"Vermont"
"VT","12",40,3,"Vermont"
"VT","13",169,9,"Vermont"
"VT","14",264,9,"Vermont"
"VT","15",202,10,"Vermont"
"VT","16",70,6,"Vermont"
"VT","17",31,10,"Vermont"
"VT","18",40,4,"Vermont"
"VT","19",28,1,"Vermont"
"VT","20",12,1,"Vermont"
"VT","21",16,0,"Vermont"
"VT","22",24,1,"Vermont"
"VT","23",75,0,"Vermont"
"VT","24",61,0,"Vermont"
"VT","25",32,1,"Vermont"
"VT","26",32,0,"Vermont"
"VT","27",42,0,"Vermont"
"VT","28",41,1,"Vermont"
"VT","29",50,0,"Vermont"
"VT","30",47,0,"Vermont"
"VT","31",23,1,"Vermont"
"VT","32",29,0,"Vermont"
"VT","33",51,0,"Vermont"
"VT","34",39,0,"Vermont"
"VT","35",53,0,"Vermont"
"VT","36",32,0,"Vermont"
"VT","37",38,0,"Vermont"
"VT","38",32,0,"Vermont"
"VT","39",22,0,"Vermont"
"VT","40",34,0,"Vermont"
"VT","41",78,0,"Vermont"
"VT","42",69,0,"Vermont"
"VT","43",138,0,"Vermont"
"VT","44",120,0,"Vermont"
"VT","45",214,1,"Vermont"
"VT","46",524,0,"Vermont"
"VT","47",734,6,"Vermont"
"VT","48",460,7,"Vermont"
"VT","49",756,18,"Vermont"
"VT","50",678,13,"Vermont"
"VT","51",645,16,"Vermont"
"VT","52",558,19,"Vermont"
"VT","53",359,8,"Vermont"
"WA","04",1,0,"Washington"
"WA","05",0,0,"Washington"
"WA","06",0,0,"Washington"
"WA","07",0,0,"Washington"
"WA","08",0,0,"Washington"
"WA","09",0,1,"Washington"
"WA","10",124,17,"Washington"
"WA","11",591,24,"Washington"
"WA","12",1081,53,"Washington"
"WA","13",2711,94,"Washington"
"WA","14",2953,148,"Washington"
"WA","15",2408,171,"Washington"
"WA","16",1916,127,"Washington"
"WA","17",1730,114,"Washington"
"WA","18",1782,85,"Washington"
"WA","19",1729,97,"Washington"
"WA","20",1501,70,"Washington"
"WA","21",1400,60,"Washington"
"WA","22",1834,57,"Washington"
"WA","23",2003,41,"Washington"
"WA","24",2056,58,"Washington"
"WA","25",2850,53,"Washington"
"WA","26",3091,40,"Washington"
"WA","27",4133,49,"Washington"
"WA","28",4770,79,"Washington"
"WA","29",6287,9,"Washington"
"WA","30",5717,54,"Washington"
"WA","31",5557,95,"Washington"
"WA","32",4975,92,"Washington"
"WA","33",4399,93,"Washington"
"WA","34",3892,82,"Washington"
"WA","35",3413,42,"Washington"
"WA","36",3097,48,"Washington"
"WA","37",2761,38,"Washington"
"WA","38",2899,46,"Washington"
"WA","39",3930,63,"Washington"
"WA","40",3790,42,"Washington"
"WA","41",4269,48,"Washington"
"WA","42",4545,49,"Washington"
"WA","43",4970,57,"Washington"
"WA","44",5746,70,"Washington"
"WA","45",9416,73,"Washington"
"WA","46",13167,80,"Washington"
"WA","47",14552,100,"Washington"
"WA","48",19287,85,"Washington"
"WA","49",15849,221,"Washington"
"WA","50",25035,-46,"Washington"
"WA","51",16470,225,"Washington"
"WA","52",12777,80,"Washington"
"WA","53",8949,277,"Washington"
"WI","04",0,0,"Wisconsin"
"WI","05",0,0,"Wisconsin"
"WI","06",0,0,"Wisconsin"
"WI","07",0,0,"Wisconsin"
"WI","08",0,0,"Wisconsin"
"WI","09",0,0,"Wisconsin"
"WI","10",1,0,"Wisconsin"
"WI","11",26,0,"Wisconsin"
"WI","12",354,4,"Wisconsin"
"WI","13",608,9,"Wisconsin"
"WI","14",1278,55,"Wisconsin"
"WI","15",1074,76,"Wisconsin"
"WI","16",1005,76,"Wisconsin"
"WI","17",1565,52,"Wisconsin"
"WI","18",2053,67,"Wisconsin"
"WI","19",2255,61,"Wisconsin"
"WI","20",2324,53,"Wisconsin"
"WI","21",2734,57,"Wisconsin"
"WI","22",3126,82,"Wisconsin"
"WI","23",2432,55,"Wisconsin"
"WI","24",4460,51,"Wisconsin"
"WI","25",2292,53,"Wisconsin"
"WI","26",3120,33,"Wisconsin"
"WI","27",4033,19,"Wisconsin"
"WI","28",5137,17,"Wisconsin"
"WI","29",6071,31,"Wisconsin"
"WI","30",6732,48,"Wisconsin"
"WI","31",6310,56,"Wisconsin"
"WI","32",5845,50,"Wisconsin"
"WI","33",5411,41,"Wisconsin"
"WI","34",4959,43,"Wisconsin"
"WI","35",5095,41,"Wisconsin"
"WI","36",6053,46,"Wisconsin"
"WI","37",8326,42,"Wisconsin"
"WI","38",12613,32,"Wisconsin"
"WI","39",15186,41,"Wisconsin"
"WI","40",17450,97,"Wisconsin"
"WI","41",18387,87,"Wisconsin"
"WI","42",16912,113,"Wisconsin"
"WI","43",33690,225,"Wisconsin"
"WI","44",32506,297,"Wisconsin"
"WI","45",40487,282,"Wisconsin"
"WI","46",48014,359,"Wisconsin"
"WI","47",46314,399,"Wisconsin"
"WI","48",32816,337,"Wisconsin"
"WI","49",32013,465,"Wisconsin"
"WI","50",27889,387,"Wisconsin"
"WI","51",23768,404,"Wisconsin"
"WI","52",15856,296,"Wisconsin"
"WI","53",11858,203,"Wisconsin"
"WV","04",0,0,"West Virginia"
"WV","05",0,0,"West Virginia"
"WV","06",0,0,"West Virginia"
"WV","07",0,0,"West Virginia"
"WV","08",0,0,"West Virginia"
"WV","09",0,0,"West Virginia"
"WV","10",0,0,"West Virginia"
"WV","11",0,0,"West Virginia"
"WV","12",16,0,"West Virginia"
"WV","13",108,1,"West Virginia"
"WV","14",200,2,"West Virginia"
"WV","15",287,5,"West Virginia"
"WV","16",252,10,"West Virginia"
"WV","17",190,16,"West Virginia"
"WV","18",142,16,"West Virginia"
"WV","19",167,4,"West Virginia"
"WV","20",128,13,"West Virginia"
"WV","21",281,5,"West Virginia"
"WV","22",239,3,"West Virginia"
"WV","23",134,9,"West Virginia"
"WV","24",146,4,"West Virginia"
"WV","25",253,1,"West Virginia"
"WV","26",289,4,"West Virginia"
"WV","27",503,2,"West Virginia"
"WV","28",909,1,"West Virginia"
"WV","29",798,4,"West Virginia"
"WV","30",918,3,"West Virginia"
"WV","31",894,14,"West Virginia"
"WV","32",840,22,"West Virginia"
"WV","33",870,21,"West Virginia"
"WV","34",708,18,"West Virginia"
"WV","35",838,35,"West Virginia"
"WV","36",1302,33,"West Virginia"
"WV","37",1287,20,"West Virginia"
"WV","38",1355,44,"West Virginia"
"WV","39",1294,24,"West Virginia"
"WV","40",1280,24,"West Virginia"
"WV","41",1500,24,"West Virginia"
"WV","42",1953,17,"West Virginia"
"WV","43",1825,24,"West Virginia"
"WV","44",2977,34,"West Virginia"
"WV","45",3521,45,"West Virginia"
"WV","46",5275,80,"West Virginia"
"WV","47",6799,80,"West Virginia"
"WV","48",6519,67,"West Virginia"
"WV","49",8000,109,"West Virginia"
"WV","50",8220,130,"West Virginia"
"WV","51",9125,160,"West Virginia"
"WV","52",8368,126,"West Virginia"
"WV","53",4624,84,"West Virginia"
"WY","04",0,0,"Wyoming"
"WY","05",0,0,"Wyoming"
"WY","06",0,0,"Wyoming"
"WY","07",0,0,"Wyoming"
"WY","08",0,0,"Wyoming"
"WY","09",0,0,"Wyoming"
"WY","10",0,0,"Wyoming"
"WY","11",3,0,"Wyoming"
"WY","12",21,0,"Wyoming"
"WY","13",63,0,"Wyoming"
"WY","14",113,0,"Wyoming"
"WY","15",70,0,"Wyoming"
"WY","16",156,2,"Wyoming"
"WY","17",76,5,"Wyoming"
"WY","18",84,0,"Wyoming"
"WY","19",76,0,"Wyoming"
"WY","20",92,1,"Wyoming"
"WY","21",84,4,"Wyoming"
"WY","22",65,5,"Wyoming"
"WY","23",44,0,"Wyoming"
"WY","24",113,1,"Wyoming"
"WY","25",137,2,"Wyoming"
"WY","26",220,0,"Wyoming"
"WY","27",217,0,"Wyoming"
"WY","28",228,1,"Wyoming"
"WY","29",264,3,"Wyoming"
"WY","30",349,1,"Wyoming"
"WY","31",333,1,"Wyoming"
"WY","32",242,2,"Wyoming"
"WY","33",236,2,"Wyoming"
"WY","34",293,7,"Wyoming"
"WY","35",241,0,"Wyoming"
"WY","36",212,5,"Wyoming"
"WY","37",314,0,"Wyoming"
"WY","38",525,7,"Wyoming"
"WY","39",762,1,"Wyoming"
"WY","40",871,3,"Wyoming"
"WY","41",1107,1,"Wyoming"
"WY","42",1414,3,"Wyoming"
"WY","43",2016,11,"Wyoming"
"WY","44",2682,19,"Wyoming"
"WY","45",3587,27,"Wyoming"
"WY","46",5184,30,"Wyoming"
"WY","47",5675,32,"Wyoming"
"WY","48",4320,39,"Wyoming"
"WY","49",3828,42,"Wyoming"
"WY","50",3043,64,"Wyoming"
"WY","51",2302,30,"Wyoming"
"WY","52",1538,22,"Wyoming"
"WY","53",1209,65,"Wyoming"
